"Time (s);""Magnetic Field x (µT)"";""Magnetic Field y (µT)"";""Magnetic Field z (µT)"";""Absolute field (µT)""",,,,,
1,720400500E-2;-1,343999939E2;-5,879999638E0;-8,304000092E1;1,5.81E+10
2,526051600E-2;-1,338000031E2;-5,819999695E0;-8,304000092E1;1,5.76E+10
3,325599500E-2;-1,337399902E2;-5,519999981E0;-8,304000092E1;1,5.75E+10
4,125147300E-2;-1,338000031E2;-5,579999924E0;-8,315999603E1;1,5.76E+10
4,933850300E-2;-1,342200012E2;-6,059999943E0;-8,340000153E1;1,5.81E+10
5,727294700E-2;-1,343999939E2;-5,819999695E0;-8,304000092E1;1,5.81E+10
6,526842500E-2;-1,345200043E2;-5,759999752E0;-8,297999573E1;1,5.82E+10
7,329442000E-2;-1,342799988E2;-5,339999676E0;-8,322000122E1;1,5.81E+10
8,128989900E-2;-1,340399933E2;-5,219999790E0;-8,315999603E1;1,5.78E+10
8,934641200E-2;-1,339199982E2;-5,759999752E0;-8,327999878E1;1,5.78E+10
9,731137300E-2;-1,337399902E2;-6,059999943E0;-8,322000122E1;1,5.76E+10
1,053068510E-1;-1,335000000E2;-5,940000057E0;-8,358000183E1;1,5.76E+10
1,133023290E-1;-1,338600006E2;-5,879999638E0;-8,351999664E1;1,5.79E+10
1,213283250E-1;-1,345200043E2;-5,699999809E0;-8,345999908E1;1,5.84E+10
1,293848370E-1;-1,351799927E2;-6,119999886E0;-8,375999451E1;1,5.91E+10
1,373497990E-1;-1,355999908E2;-6,599999905E0;-8,322000122E1;1,5.92E+10
1,453452770E-1;-1,350000000E2;-6,239999771E0;-8,315999603E1;1,5.87E+10
1,533407550E-1;-1,343999939E2;-6,119999886E0;-8,333999634E1;1,5.83E+10
1,613667510E-1;-1,339199982E2;-5,819999695E0;-8,286000061E1;1,5.76E+10
1,694232640E-1;-1,342799988E2;-5,879999638E0;-8,297999573E1;1,5.80E+10
1,773577080E-1;-1,345800018E2;-6,179999828E0;-8,315999603E1;1,5.83E+10
1,853837030E-1;-1,347599945E2;-6,239999771E0;-8,309999847E1;1,5.84E+10
1,933791810E-1;-1,345800018E2;-5,819999695E0;-8,309999847E1;1,5.83E+10
2,013746600E-1;-1,343999939E2;-5,699999809E0;-8,322000122E1;1,5.82E+10
2,094616890E-1;-1,345800018E2;-6,000000000E0;-8,309999847E1;1,5.83E+10
2,173961330E-1;-1,340399933E2;-5,879999638E0;-8,333999634E1;1,5.79E+10
2,253916120E-1;-1,343999939E2;-6,480000019E0;-8,358000183E1;1,5.84E+10
2,334176070E-1;-1,342200012E2;-6,359999657E0;-8,363999939E1;1,5.83E+10
2,414130850E-1;-1,341600037E2;-5,639999866E0;-8,333999634E1;1,5.80E+10
2,494695980E-1;-1,346999969E2;-5,579999924E0;-8,375999451E1;1,5.87E+10
2,574345590E-1;-1,348199921E2;-5,159999847E0;-8,322000122E1;1,5.85E+10
2,654300370E-1;-1,353000031E2;-5,460000038E0;-8,304000092E1;1,5.88E+10
2,734255160E-1;-1,350000000E2;-6,000000000E0;-8,327999878E1;1,5.87E+10
2,814515110E-1;-1,349400024E2;-6,119999886E0;-8,322000122E1;1,5.87E+10
2,895080230E-1;-1,347599945E2;-6,119999886E0;-8,333999634E1;1,5.86E+10
2,974729840E-1;-1,348799896E2;-6,420000076E0;-8,333999634E1;1,5.87E+10
3,054684630E-1;-1,345200043E2;-6,239999771E0;-8,286000061E1;1,5.81E+10
3,134639410E-1;-1,347599945E2;-6,359999657E0;-8,261999512E1;1,5.82E+10
3,214899360E-1;-1,345200043E2;-6,299999714E0;-8,322000122E1;1,5.83E+10
3,295464490E-1;-1,339199982E2;-5,759999752E0;-8,322000122E1;1,5.78E+10
3,375114110E-1;-1,343399963E2;-5,759999752E0;-8,375999451E1;1,5.84E+10
3,455068880E-1;-1,339199982E2;-5,699999809E0;-8,405999756E1;1,5.82E+10
3,535328840E-1;-1,338000031E2;-5,879999638E0;-8,381999969E1;1,5.80E+10
3,615283630E-1;-1,338000031E2;-5,819999695E0;-8,411999512E1;1,5.82E+10
3,695848750E-1;-1,340999908E2;-5,940000057E0;-8,381999969E1;1,5.83E+10
3,775498360E-1;-1,345200043E2;-6,299999714E0;-8,363999939E1;1,5.85E+10
3,855453150E-1;-1,345200043E2;-5,819999695E0;-8,333999634E1;1,5.84E+10
3,935407930E-1;-1,346399994E2;-6,179999828E0;-8,309999847E1;1,5.83E+10
4,015667880E-1;-1,342200012E2;-6,539999962E0;-8,340000153E1;1,5.82E+10
4,096233010E-1;-1,338000031E2;-6,179999828E0;-8,322000122E1;1,5.77E+10
4,175882620E-1;-1,339799957E2;-6,480000019E0;-8,333999634E1;1,5.79E+10
4,255837400E-1;-1,339199982E2;-6,359999657E0;-8,309999847E1;1,5.77E+10
4,335792190E-1;-1,341600037E2;-5,759999752E0;-8,273999786E1;1,5.77E+10
4,416052140E-1;-1,340999908E2;-5,699999809E0;-8,327999878E1;1,5.80E+10
4,496617260E-1;-1,336799927E2;-5,940000057E0;-8,333999634E1;1,5.76E+10
4,575961710E-1;-1,337399902E2;-5,759999752E0;-8,345999908E1;1,5.78E+10
4,656221660E-1;-1,336799927E2;-6,059999943E0;-8,393999481E1;1,5.80E+10
4,736176440E-1;-1,339799957E2;-6,420000076E0;-8,363999939E1;1,5.81E+10
4,816436390E-1;-1,345800018E2;-6,420000076E0;-8,351999664E1;1,5.85E+10
4,897001520E-1;-1,343399963E2;-6,179999828E0;-8,315999603E1;1,5.81E+10
4,976345960E-1;-1,343999939E2;-6,299999714E0;-8,255999756E1;1,5.79E+10
5,056605910E-1;-1,345200043E2;-6,059999943E0;-8,273999786E1;1,5.80E+10
5,136560700E-1;-1,346999969E2;-6,239999771E0;-8,286000061E1;1,5.83E+10
5,216515480E-1;-1,350000000E2;-6,839999676E0;-8,345999908E1;1,5.89E+10
5,297385780E-1;-1,345200043E2;-6,839999676E0;-8,345999908E1;1,5.85E+10
5,376730220E-1;-1,345200043E2;-7,139999866E0;-8,322000122E1;1,5.83E+10
5,456990180E-1;-1,342799988E2;-6,539999962E0;-8,327999878E1;1,5.81E+10
5,536944960E-1;-1,343999939E2;-6,539999962E0;-8,340000153E1;1,5.83E+10
5,616899740E-1;-1,347599945E2;-6,179999828E0;-8,363999939E1;1,5.87E+10
5,697770040E-1;-1,346399994E2;-5,879999638E0;-8,393999481E1;1,5.88E+10
5,777114480E-1;-1,344599915E2;-6,059999943E0;-8,381999969E1;1,5.86E+10
5,857069260E-1;-1,339199982E2;-5,759999752E0;-8,345999908E1;1,5.79E+10
5,937329220E-1;-1,339199982E2;-5,699999809E0;-8,333999634E1;1,5.78E+10
6,017284000E-1;-1,338600006E2;-5,639999866E0;-8,309999847E1;1,5.77E+10
6,097849130E-1;-1,339799957E2;-5,519999981E0;-8,322000122E1;1,5.78E+10
6,177498740E-1;-1,343399963E2;-5,460000038E0;-8,345999908E1;1,5.82E+10
6,257453520E-1;-1,343399963E2;-5,699999809E0;-8,345999908E1;1,5.83E+10
6,337408310E-1;-1,340399933E2;-5,699999809E0;-8,345999908E1;1,5.80E+10
6,417668260E-1;-1,340399933E2;-5,759999752E0;-8,315999603E1;1,5.78E+10
6,498233380E-1;-1,337399902E2;-5,879999638E0;-8,297999573E1;1,5.75E+10
6,577577830E-1;-1,336799927E2;-5,819999695E0;-8,297999573E1;1,5.74E+10
6,657837780E-1;-1,338000031E2;-5,639999866E0;-8,291999817E1;1,5.75E+10
6,737792560E-1;-1,338600006E2;-5,940000057E0;-8,291999817E1;1,5.76E+10
6,817747350E-1;-1,335599976E2;-5,819999695E0;-8,315999603E1;1,5.74E+10
6,898617640E-1;-1,336799927E2;-6,119999886E0;-8,340000153E1;1,5.77E+10
6,977962080E-1;-1,338600006E2;-6,359999657E0;-8,322000122E1;1,5.77E+10
7,057916870E-1;-1,337399902E2;-5,940000057E0;-8,363999939E1;1,5.79E+10
7,138176820E-1;-1,337399902E2;-6,000000000E0;-8,351999664E1;1,5.78E+10
7,218131600E-1;-1,339799957E2;-6,059999943E0;-8,351999664E1;1,5.80E+10
7,298696730E-1;-1,334400024E2;-6,179999828E0;-8,363999939E1;1,5.76E+10
7,378346340E-1;-1,334400024E2;-6,179999828E0;-8,322000122E1;1,5.74E+10
7,458301120E-1;-1,340399933E2;-6,420000076E0;-8,327999878E1;1,5.79E+10
7,538255910E-1;-1,339199982E2;-5,879999638E0;-8,327999878E1;1,5.78E+10
7,618515860E-1;-1,345800018E2;-5,940000057E0;-8,279999542E1;1,5.81E+10
7,699080980E-1;-1,343999939E2;-6,059999943E0;-8,322000122E1;1,5.82E+10
7,778425430E-1;-1,338600006E2;-5,879999638E0;-8,322000122E1;1,5.77E+10
7,858685380E-1;-1,339199982E2;-6,420000076E0;-8,279999542E1;1,5.76E+10
7,938640160E-1;-1,335599976E2;-6,480000019E0;-8,340000153E1;1,5.76E+10
8,018900120E-1;-1,337399902E2;-6,779999733E0;-8,322000122E1;1,5.77E+10
8,099465240E-1;-1,336199951E2;-6,779999733E0;-8,322000122E1;1,5.76E+10
8,178809680E-1;-1,332599945E2;-6,480000019E0;-8,351999664E1;1,5.74E+10
8,259069640E-1;-1,333799896E2;-6,359999657E0;-8,309999847E1;1,5.73E+10
8,339024420E-1;-1,330800018E2;-6,000000000E0;-8,268000031E1;1,5.68E+10
8,418979200E-1;-1,335000000E2;-6,059999943E0;-8,297999573E1;1,5.73E+10
8,499849500E-1;-1,335000000E2;-6,239999771E0;-8,279999542E1;1,5.72E+10
8,579193940E-1;-1,331399994E2;-5,940000057E0;-8,322000122E1;1,5.71E+10
8,659148720E-1;-1,336799927E2;-6,179999828E0;-8,375999451E1;1,5.79E+10
8,739408680E-1;-1,334400024E2;-6,000000000E0;-8,327999878E1;1,5.74E+10
8,819363470E-1;-1,336199951E2;-6,059999943E0;-8,369999695E1;1,5.78E+10
8,900233760E-1;-1,336799927E2;-6,239999771E0;-8,358000183E1;1,5.78E+10
8,979578200E-1;-1,333799896E2;-5,699999809E0;-8,375999451E1;1,5.76E+10
9,059532990E-1;-1,338000031E2;-5,879999638E0;-8,393999481E1;1,5.81E+10
9,139792940E-1;-1,336799927E2;-5,639999866E0;-8,418000031E1;1,5.81E+10
9,219747720E-1;-1,338600006E2;-5,639999866E0;-8,411999512E1;1,5.82E+10
9,300312850E-1;-1,338600006E2;-5,819999695E0;-8,381999969E1;1,5.80E+10
9,379962460E-1;-1,336199951E2;-5,699999809E0;-8,369999695E1;1,5.78E+10
9,459917240E-1;-1,338600006E2;-6,000000000E0;-8,340000153E1;1,5.78E+10
9,539872030E-1;-1,338000031E2;-6,000000000E0;-8,363999939E1;1,5.79E+10
9,620131980E-1;-1,338000031E2;-6,239999771E0;-8,387999725E1;1,5.80E+10
9,700697100E-1;-1,336799927E2;-6,119999886E0;-8,375999451E1;1,5.79E+10
9,780041550E-1;-1,336799927E2;-6,119999886E0;-8,351999664E1;1,5.77E+10
9,860301500E-1;-1,340399933E2;-6,179999828E0;-8,340000153E1;1,5.80E+10
9,940256280E-1;-1,341600037E2;-6,059999943E0;-8,375999451E1;1,5.83E+10
1,002021106E0;-1,342799988E2;-6,179999828E0;-8,358000183E1;1,5.83E+10
1,010108136E0;-1,344599915E2;-6,000000000E0;-8,387999725E1;1,5.86E+10
1,018042580E0;-1,344599915E2;-6,000000000E0;-8,363999939E1;1,5.85E+10
1,026068575E0;-1,343999939E2;-5,879999638E0;-8,340000153E1;1,5.83E+10
1,034064054E0;-1,342799988E2;-5,519999981E0;-8,411999512E1;1,5.85E+10
1,042059532E0;-1,336799927E2;-5,460000038E0;-8,436000061E1;1,5.82E+10
1,050146561E0;-1,336799927E2;-5,279999733E0;-8,436000061E1;1,5.82E+10
1,058081006E0;-1,338600006E2;-5,819999695E0;-8,369999695E1;1,5.80E+10
1,066076484E0;-1,340999908E2;-6,420000076E0;-8,333999634E1;1,5.80E+10
1,074102479E0;-1,343999939E2;-6,179999828E0;-8,279999542E1;1,5.80E+10
1,082097957E0;-1,344599915E2;-6,119999886E0;-8,309999847E1;1,5.82E+10
1,090154470E0;-1,345200043E2;-5,639999866E0;-8,363999939E1;1,5.85E+10
1,098119432E0;-1,342799988E2;-5,339999676E0;-8,387999725E1;1,5.84E+10
1,106114909E0;-1,345200043E2;-5,579999924E0;-8,411999512E1;1,5.88E+10
1,114140906E0;-1,344599915E2;-5,879999638E0;-8,418000031E1;1,5.87E+10
1,122136384E0;-1,342799988E2;-6,000000000E0;-8,369999695E1;1,5.83E+10
1,130192896E0;-1,340399933E2;-6,000000000E0;-8,340000153E1;1,5.80E+10
1,138157858E0;-1,337399902E2;-6,000000000E0;-8,345999908E1;1,5.78E+10
1,146153336E0;-1,334400024E2;-5,879999638E0;-8,340000153E1;1,5.75E+10
1,154148813E0;-1,334400024E2;-5,759999752E0;-8,387999725E1;1,5.77E+10
1,162174809E0;-1,337399902E2;-6,000000000E0;-8,381999969E1;1,5.79E+10
1,170231322E0;-1,336799927E2;-6,179999828E0;-8,358000183E1;1,5.78E+10
1,178165766E0;-1,340399933E2;-6,179999828E0;-8,381999969E1;1,5.82E+10
1,186191761E0;-1,342799988E2;-6,179999828E0;-8,375999451E1;1,5.84E+10
1,194187240E0;-1,342799988E2;-6,119999886E0;-8,381999969E1;1,5.84E+10
1,202182718E0;-1,345200043E2;-6,000000000E0;-8,429999542E1;1,5.89E+10
1,210269748E0;-1,345200043E2;-6,359999657E0;-8,405999756E1;1,5.88E+10
1,218204192E0;-1,340399933E2;-6,480000019E0;-8,375999451E1;1,5.82E+10
1,226199670E0;-1,344599915E2;-6,480000019E0;-8,381999969E1;1,5.86E+10
1,234225665E0;-1,345200043E2;-6,719999790E0;-8,345999908E1;1,5.84E+10
1,242221144E0;-1,345200043E2;-6,480000019E0;-8,327999878E1;1,5.83E+10
1,250308173E0;-1,346999969E2;-6,179999828E0;-8,375999451E1;1,5.87E+10
1,258242617E0;-1,342799988E2;-6,179999828E0;-8,351999664E1;1,5.83E+10
1,266238096E0;-1,340399933E2;-6,119999886E0;-8,304000092E1;1,5.78E+10
1,274264091E0;-1,341600037E2;-5,879999638E0;-8,304000092E1;1,5.79E+10
1,282259569E0;-1,340999908E2;-5,819999695E0;-8,268000031E1;1,5.76E+10
1,290316082E0;-1,339799957E2;-5,639999866E0;-8,322000122E1;1,5.78E+10
1,298281043E0;-1,341600037E2;-5,339999676E0;-8,315999603E1;1,5.79E+10
1,306276521E0;-1,343399963E2;-5,519999981E0;-8,333999634E1;1,5.82E+10
1,314272000E0;-1,343999939E2;-5,639999866E0;-8,345999908E1;1,5.83E+10
1,322297995E0;-1,349400024E2;-5,819999695E0;-8,340000153E1;1,5.87E+10
1,330354508E0;-1,349400024E2;-6,059999943E0;-8,387999725E1;1,5.90E+10
1,338288952E0;-1,345800018E2;-5,940000057E0;-8,375999451E1;1,5.86E+10
1,346314947E0;-1,344599915E2;-6,059999943E0;-8,351999664E1;1,5.84E+10
1,354310425E0;-1,340999908E2;-6,059999943E0;-8,340000153E1;1,5.80E+10
1,362305904E0;-1,341600037E2;-6,059999943E0;-8,327999878E1;1,5.80E+10
1,370392933E0;-1,338000031E2;-6,299999714E0;-8,340000153E1;1,5.78E+10
1,378327377E0;-1,337399902E2;-6,239999771E0;-8,381999969E1;1,5.80E+10
1,386322856E0;-1,339799957E2;-5,940000057E0;-8,387999725E1;1,5.82E+10
1,394348852E0;-1,340399933E2;-6,059999943E0;-8,387999725E1;1,5.82E+10
1,402344329E0;-1,345800018E2;-5,400000095E0;-8,441999817E1;1,5.90E+10
1,410400842E0;-1,348799896E2;-5,219999790E0;-8,405999756E1;1,5.90E+10
1,418335286E0;-1,346999969E2;-5,579999924E0;-8,381999969E1;1,5.87E+10
1,426361281E0;-1,346399994E2;-5,639999866E0;-8,393999481E1;1,5.88E+10
1,434356760E0;-1,348799896E2;-6,059999943E0;-8,363999939E1;1,5.88E+10
1,442352238E0;-1,351199951E2;-6,239999771E0;-8,375999451E1;1,5.91E+10
1,450439268E0;-1,348199921E2;-5,759999752E0;-8,411999512E1;1,5.90E+10
1,458373712E0;-1,349400024E2;-5,639999866E0;-8,411999512E1;1,5.91E+10
1,466369190E0;-1,344599915E2;-5,759999752E0;-8,381999969E1;1,5.86E+10
1,474395186E0;-1,340999908E2;-5,579999924E0;-8,405999756E1;1,5.84E+10
1,482390664E0;-1,347599945E2;-5,819999695E0;-8,381999969E1;1,5.88E+10
1,490447176E0;-1,345800018E2;-5,759999752E0;-8,418000031E1;1,5.88E+10
1,498381621E0;-1,348799896E2;-5,579999924E0;-8,418000031E1;1,5.91E+10
1,506407616E0;-1,347599945E2;-5,879999638E0;-8,400000000E1;1,5.89E+10
1,514403094E0;-1,343999939E2;-5,879999638E0;-8,411999512E1;1,5.87E+10
1,522398573E0;-1,343999939E2;-5,819999695E0;-8,387999725E1;1,5.85E+10
1,530485603E0;-1,343999939E2;-5,819999695E0;-8,375999451E1;1,5.85E+10
1,538420046E0;-1,342799988E2;-5,279999733E0;-8,315999603E1;1,5.80E+10
1,546415525E0;-1,346999969E2;-5,579999924E0;-8,286000061E1;1,5.82E+10
1,554441521E0;-1,345800018E2;-5,759999752E0;-8,297999573E1;1,5.82E+10
1,562436998E0;-1,342200012E2;-5,759999752E0;-8,291999817E1;1,5.79E+10
1,570524028E0;-1,340399933E2;-6,239999771E0;-8,363999939E1;1,5.81E+10
1,578458473E0;-1,334400024E2;-6,119999886E0;-8,375999451E1;1,5.77E+10
1,586453950E0;-1,338600006E2;-6,239999771E0;-8,340000153E1;1,5.78E+10
1,594479946E0;-1,336799927E2;-6,779999733E0;-8,387999725E1;1,5.80E+10
1,602475425E0;-1,340399933E2;-6,359999657E0;-8,345999908E1;1,5.80E+10
1,610531937E0;-1,343999939E2;-6,179999828E0;-8,381999969E1;1,5.85E+10
1,618496898E0;-1,339199982E2;-5,879999638E0;-8,429999542E1;1,5.84E+10
1,626492377E0;-1,341600037E2;-5,159999847E0;-8,400000000E1;1,5.84E+10
1,634518372E0;-1,341600037E2;-5,460000038E0;-8,418000031E1;1,5.85E+10
1,642513850E0;-1,340999908E2;-5,759999752E0;-8,358000183E1;1,5.81E+10
1,650600879E0;-1,342799988E2;-6,059999943E0;-8,322000122E1;1,5.81E+10
1,658535324E0;-1,343999939E2;-6,299999714E0;-8,322000122E1;1,5.82E+10
1,666530802E0;-1,345200043E2;-6,179999828E0;-8,333999634E1;1,5.84E+10
1,674556797E0;-1,343399963E2;-5,879999638E0;-8,369999695E1;1,5.84E+10
1,682552276E0;-1,343999939E2;-5,400000095E0;-8,400000000E1;1,5.86E+10
1,690639306E0;-1,341600037E2;-5,400000095E0;-8,411999512E1;1,5.84E+10
1,698573749E0;-1,342799988E2;-5,759999752E0;-8,411999512E1;1,5.86E+10
1,706569228E0;-1,342200012E2;-5,940000057E0;-8,387999725E1;1,5.84E+10
1,714595224E0;-1,340399933E2;-6,299999714E0;-8,375999451E1;1,5.82E+10
1,722590701E0;-1,342799988E2;-6,599999905E0;-8,358000183E1;1,5.83E+10
1,730677731E0;-1,342200012E2;-6,359999657E0;-8,340000153E1;1,5.81E+10
1,738612176E0;-1,340399933E2;-6,059999943E0;-8,340000153E1;1,5.80E+10
1,746607653E0;-1,343399963E2;-6,239999771E0;-8,327999878E1;1,5.82E+10
1,754633649E0;-1,350000000E2;-6,179999828E0;-8,351999664E1;1,5.89E+10
1,762629128E0;-1,350599976E2;-6,179999828E0;-8,363999939E1;1,5.90E+10
1,770685640E0;-1,353600006E2;-6,179999828E0;-8,418000031E1;1,5.95E+10
1,778650601E0;-1,347599945E2;-6,059999943E0;-8,429999542E1;1,5.91E+10
1,786646080E0;-1,343399963E2;-6,359999657E0;-8,454000092E1;1,5.89E+10
1,794641558E0;-1,342200012E2;-6,480000019E0;-8,423999786E1;1,5.86E+10
1,802667553E0;-1,344599915E2;-6,539999962E0;-8,375999451E1;1,5.85E+10
1,810724066E0;-1,346399994E2;-6,359999657E0;-8,381999969E1;1,5.87E+10
1,818689027E0;-1,345200043E2;-5,699999809E0;-8,315999603E1;1,5.83E+10
1,826684505E0;-1,348199921E2;-5,519999981E0;-8,304000092E1;1,5.84E+10
1,834679984E0;-1,344599915E2;-5,519999981E0;-8,327999878E1;1,5.83E+10
1,842705979E0;-1,346399994E2;-5,460000038E0;-8,315999603E1;1,5.83E+10
1,850762491E0;-1,345200043E2;-5,460000038E0;-8,400000000E1;1,5.87E+10
1,858696936E0;-1,340999908E2;-5,460000038E0;-8,400000000E1;1,5.83E+10
1,866722931E0;-1,342200012E2;-5,519999981E0;-8,351999664E1;1,5.82E+10
1,874718409E0;-1,345200043E2;-5,759999752E0;-8,333999634E1;1,5.83E+10
1,882744404E0;-1,343999939E2;-5,940000057E0;-8,237999725E1;1,5.78E+10
1,890800917E0;-1,345800018E2;-6,299999714E0;-8,273999786E1;1,5.81E+10
1,898735361E0;-1,345200043E2;-6,299999714E0;-8,309999847E1;1,5.82E+10
1,906761357E0;-1,342200012E2;-5,879999638E0;-8,327999878E1;1,5.81E+10
1,914756835E0;-1,341600037E2;-6,000000000E0;-8,387999725E1;1,5.83E+10
1,922752313E0;-1,342200012E2;-5,879999638E0;-8,351999664E1;1,5.82E+10
1,930839343E0;-1,340999908E2;-6,000000000E0;-8,351999664E1;1,5.81E+10
1,938773787E0;-1,340399933E2;-6,239999771E0;-8,363999939E1;1,5.81E+10
1,946799783E0;-1,341600037E2;-6,480000019E0;-8,322000122E1;1,5.80E+10
1,954795261E0;-1,336199951E2;-6,239999771E0;-8,340000153E1;1,5.76E+10
1,962790739E0;-1,335599976E2;-6,239999771E0;-8,363999939E1;1,5.77E+10
1,970877769E0;-1,335599976E2;-6,179999828E0;-8,340000153E1;1,5.76E+10
1,978812213E0;-1,336799927E2;-5,759999752E0;-8,369999695E1;1,5.78E+10
1,986807692E0;-1,340399933E2;-6,059999943E0;-8,375999451E1;1,5.82E+10
1,994833687E0;-1,340999908E2;-6,119999886E0;-8,351999664E1;1,5.81E+10
2,002829165E0;-1,340399933E2;-6,359999657E0;-8,351999664E1;1,5.81E+10
2,010916194E0;-1,338000031E2;-6,480000019E0;-8,381999969E1;1,5.80E+10
2,018850639E0;-1,338600006E2;-6,239999771E0;-8,387999725E1;1,5.81E+10
2,026846117E0;-1,340399933E2;-5,879999638E0;-8,436000061E1;1,5.85E+10
2,034872112E0;-1,344599915E2;-5,639999866E0;-8,441999817E1;1,5.89E+10
2,042928625E0;-1,344599915E2;-5,819999695E0;-8,447999573E1;1,5.89E+10
2,050985137E0;-1,346999969E2;-6,059999943E0;-8,447999573E1;1,5.91E+10
2,058950098E0;-1,343399963E2;-6,119999886E0;-8,369999695E1;1,5.84E+10
2,066945577E0;-1,340399933E2;-5,940000057E0;-8,411999512E1;1,5.84E+10
2,074941055E0;-1,342200012E2;-5,639999866E0;-8,400000000E1;1,5.84E+10
2,082967050E0;-1,338600006E2;-5,339999676E0;-8,393999481E1;1,5.81E+10
2,091023563E0;-1,342799988E2;-5,339999676E0;-8,411999512E1;1,5.85E+10
2,098958007E0;-1,343399963E2;-5,579999924E0;-8,345999908E1;1,5.83E+10
2,106984002E0;-1,346399994E2;-5,639999866E0;-8,297999573E1;1,5.83E+10
2,114979481E0;-1,349400024E2;-5,460000038E0;-8,333999634E1;1,5.87E+10
2,122974959E0;-1,344599915E2;-5,339999676E0;-8,304000092E1;1,5.81E+10
2,131061988E0;-1,343999939E2;-5,339999676E0;-8,358000183E1;1,5.84E+10
2,138996433E0;-1,342200012E2;-5,519999981E0;-8,393999481E1;1,5.84E+10
2,146991911E0;-1,340999908E2;-5,879999638E0;-8,358000183E1;1,5.81E+10
2,155017906E0;-1,342200012E2;-6,480000019E0;-8,369999695E1;1,5.83E+10
2,163013385E0;-1,339799957E2;-6,839999676E0;-8,345999908E1;1,5.80E+10
2,171100415E0;-1,338000031E2;-7,019999981E0;-8,333999634E1;1,5.78E+10
2,179034859E0;-1,336199951E2;-6,659999847E0;-8,358000183E1;1,5.77E+10
2,187030337E0;-1,339799957E2;-6,359999657E0;-8,387999725E1;1,5.82E+10
2,195056333E0;-1,343399963E2;-6,179999828E0;-8,400000000E1;1,5.86E+10
2,203051811E0;-1,342200012E2;-6,119999886E0;-8,375999451E1;1,5.83E+10
2,211138840E0;-1,348199921E2;-6,839999676E0;-8,358000183E1;1,5.88E+10
2,219073285E0;-1,342200012E2;-6,960000038E0;-8,358000183E1;1,5.83E+10
2,227068763E0;-1,340399933E2;-6,719999790E0;-8,333999634E1;1,5.80E+10
2,235094758E0;-1,342200012E2;-6,539999962E0;-8,333999634E1;1,5.81E+10
2,243090237E0;-1,339199982E2;-6,000000000E0;-8,333999634E1;1,5.78E+10
2,251177266E0;-1,344599915E2;-5,940000057E0;-8,309999847E1;1,5.82E+10
2,259111710E0;-1,346399994E2;-6,000000000E0;-8,315999603E1;1,5.84E+10
2,267107189E0;-1,340999908E2;-5,699999809E0;-8,327999878E1;1,5.80E+10
2,275133184E0;-1,339199982E2;-5,699999809E0;-8,291999817E1;1,5.76E+10
2,283128662E0;-1,335599976E2;-5,460000038E0;-8,322000122E1;1,5.75E+10
2,291215691E0;-1,336199951E2;-5,400000095E0;-8,340000153E1;1,5.76E+10
2,299150136E0;-1,338600006E2;-5,639999866E0;-8,340000153E1;1,5.78E+10
2,307145614E0;-1,342799988E2;-5,519999981E0;-8,393999481E1;1,5.85E+10
2,315171610E0;-1,345800018E2;-5,460000038E0;-8,400000000E1;1,5.87E+10
2,323167088E0;-1,345200043E2;-5,159999847E0;-8,393999481E1;1,5.86E+10
2,331223600E0;-1,345200043E2;-5,339999676E0;-8,423999786E1;1,5.88E+10
2,339188562E0;-1,341600037E2;-5,400000095E0;-8,418000031E1;1,5.85E+10
2,347184040E0;-1,340399933E2;-5,759999752E0;-8,393999481E1;1,5.83E+10
2,355210036E0;-1,341600037E2;-6,359999657E0;-8,387999725E1;1,5.84E+10
2,363205514E0;-1,342799988E2;-6,420000076E0;-8,358000183E1;1,5.83E+10
2,371262026E0;-1,337399902E2;-6,420000076E0;-8,340000153E1;1,5.77E+10
2,379226988E0;-1,336199951E2;-6,480000019E0;-8,351999664E1;1,5.77E+10
2,387222466E0;-1,334400024E2;-6,299999714E0;-8,358000183E1;1,5.76E+10
2,395248461E0;-1,333799896E2;-5,879999638E0;-8,363999939E1;1,5.75E+10
2,403243940E0;-1,338000031E2;-5,759999752E0;-8,369999695E1;1,5.79E+10
2,411330969E0;-1,337399902E2;-5,519999981E0;-8,363999939E1;1,5.78E+10
2,419265413E0;-1,337399902E2;-5,519999981E0;-8,369999695E1;1,5.79E+10
2,427260892E0;-1,338600006E2;-5,759999752E0;-8,358000183E1;1,5.79E+10
2,435286887E0;-1,338000031E2;-6,119999886E0;-8,387999725E1;1,5.80E+10
2,443282365E0;-1,339799957E2;-6,299999714E0;-8,387999725E1;1,5.82E+10
2,451338878E0;-1,340399933E2;-6,239999771E0;-8,340000153E1;1,5.80E+10
2,459303839E0;-1,338000031E2;-6,239999771E0;-8,375999451E1;1,5.80E+10
2,467299317E0;-1,339799957E2;-6,119999886E0;-8,315999603E1;1,5.78E+10
2,475325313E0;-1,339799957E2;-6,179999828E0;-8,304000092E1;1,5.77E+10
2,483320791E0;-1,335000000E2;-6,239999771E0;-8,351999664E1;1,5.76E+10
2,491377303E0;-1,338000031E2;-6,299999714E0;-8,309999847E1;1,5.76E+10
2,499342265E0;-1,336799927E2;-6,599999905E0;-8,363999939E1;1,5.78E+10
2,507337743E0;-1,333799896E2;-6,179999828E0;-8,381999969E1;1,5.77E+10
2,515363739E0;-1,336799927E2;-5,879999638E0;-8,369999695E1;1,5.78E+10
2,523359217E0;-1,333799896E2;-5,579999924E0;-8,393999481E1;1,5.77E+10
2,531415730E0;-1,335599976E2;-5,339999676E0;-8,358000183E1;1,5.76E+10
2,539380691E0;-1,342200012E2;-5,940000057E0;-8,327999878E1;1,5.81E+10
2,547376169E0;-1,345200043E2;-5,639999866E0;-8,315999603E1;1,5.82E+10
2,555402164E0;-1,349400024E2;-5,879999638E0;-8,315999603E1;1,5.86E+10
2,563397643E0;-1,343999939E2;-5,699999809E0;-8,279999542E1;1,5.80E+10
2,571454155E0;-1,336799927E2;-4,920000076E0;-8,363999939E1;1,5.78E+10
2,579419116E0;-1,333799896E2;-5,579999924E0;-8,387999725E1;1,5.77E+10
2,587414595E0;-1,329599915E2;-5,460000038E0;-8,351999664E1;1,5.71E+10
2,595410073E0;-1,330800018E2;-5,460000038E0;-8,405999756E1;1,5.75E+10
2,603436068E0;-1,335000000E2;-6,299999714E0;-8,333999634E1;1,5.75E+10
2,611492581E0;-1,336799927E2;-5,879999638E0;-8,345999908E1;1,5.77E+10
2,619427025E0;-1,342200012E2;-6,480000019E0;-8,393999481E1;1,5.84E+10
2,627453020E0;-1,342799988E2;-6,420000076E0;-8,393999481E1;1,5.85E+10
2,635448499E0;-1,344599915E2;-6,239999771E0;-8,405999756E1;1,5.87E+10
2,643474494E0;-1,345200043E2;-6,480000019E0;-8,381999969E1;1,5.86E+10
2,651531006E0;-1,343999939E2;-6,179999828E0;-8,345999908E1;1,5.83E+10
2,659465451E0;-1,343999939E2;-6,119999886E0;-8,315999603E1;1,5.82E+10
2,667491446E0;-1,346399994E2;-6,059999943E0;-8,322000122E1;1,5.84E+10
2,675486924E0;-1,346999969E2;-6,000000000E0;-8,327999878E1;1,5.85E+10
2,683512920E0;-1,347599945E2;-5,699999809E0;-8,358000183E1;1,5.87E+10
2,691569433E0;-1,350599976E2;-5,759999752E0;-8,393999481E1;1,5.91E+10
2,699503876E0;-1,346999969E2;-5,460000038E0;-8,411999512E1;1,5.89E+10
2,707529872E0;-1,343399963E2;-5,279999733E0;-8,429999542E1;1,5.87E+10
2,715525351E0;-1,345800018E2;-5,460000038E0;-8,375999451E1;1,5.86E+10
2,723520828E0;-1,346399994E2;-5,759999752E0;-8,322000122E1;1,5.84E+10
2,731607858E0;-1,346399994E2;-6,059999943E0;-8,273999786E1;1,5.81E+10
2,739542303E0;-1,350599976E2;-6,420000076E0;-8,243999481E1;1,5.84E+10
2,747537781E0;-1,351199951E2;-6,119999886E0;-8,243999481E1;1,5.84E+10
2,755563776E0;-1,349400024E2;-5,940000057E0;-8,279999542E1;1,5.84E+10
2,763559255E0;-1,346399994E2;-5,699999809E0;-8,309999847E1;1,5.83E+10
2,771615767E0;-1,343999939E2;-5,400000095E0;-8,327999878E1;1,5.82E+10
2,779580728E0;-1,342200012E2;-5,279999733E0;-8,375999451E1;1,5.83E+10
2,787576207E0;-1,340999908E2;-4,980000019E0;-8,340000153E1;1,5.80E+10
2,795571685E0;-1,343999939E2;-5,039999962E0;-8,309999847E1;1,5.81E+10
2,803597680E0;-1,344599915E2;-4,980000019E0;-8,309999847E1;1,5.81E+10
2,811654193E0;-1,343399963E2;-5,639999866E0;-8,291999817E1;1,5.80E+10
2,819619154E0;-1,344599915E2;-6,000000000E0;-8,297999573E1;1,5.81E+10
2,827614632E0;-1,346999969E2;-6,239999771E0;-8,345999908E1;1,5.86E+10
2,835610111E0;-1,347599945E2;-6,599999905E0;-8,340000153E1;1,5.86E+10
2,843636106E0;-1,342799988E2;-6,059999943E0;-8,345999908E1;1,5.82E+10
2,851692618E0;-1,342799988E2;-5,579999924E0;-8,381999969E1;1,5.84E+10
2,859657579E0;-1,338600006E2;-5,039999962E0;-8,393999481E1;1,5.81E+10
2,867653058E0;-1,341600037E2;-4,799999714E0;-8,363999939E1;1,5.82E+10
2,875648536E0;-1,347599945E2;-5,099999905E0;-8,363999939E1;1,5.87E+10
2,883674531E0;-1,345800018E2;-5,159999847E0;-8,375999451E1;1,5.86E+10
2,891761561E0;-1,344599915E2;-5,099999905E0;-8,327999878E1;1,5.82E+10
2,899696006E0;-1,340999908E2;-4,980000019E0;-8,345999908E1;1,5.80E+10
2,907691484E0;-1,337399902E2;-4,739999771E0;-8,358000183E1;1,5.78E+10
2,915686962E0;-1,339199982E2;-4,799999714E0;-8,358000183E1;1,5.79E+10
2,923712958E0;-1,342799988E2;-4,980000019E0;-8,369999695E1;1,5.83E+10
2,931769470E0;-1,346399994E2;-5,099999905E0;-8,411999512E1;1,5.88E+10
2,939703914E0;-1,348799896E2;-5,099999905E0;-8,387999725E1;1,5.89E+10
2,947729910E0;-1,345200043E2;-5,400000095E0;-8,381999969E1;1,5.86E+10
2,955725388E0;-1,346999969E2;-5,579999924E0;-8,393999481E1;1,5.88E+10
2,963751383E0;-1,344599915E2;-5,579999924E0;-8,400000000E1;1,5.86E+10
2,971807896E0;-1,346399994E2;-5,639999866E0;-8,429999542E1;1,5.90E+10
2,979742340E0;-1,349400024E2;-5,519999981E0;-8,411999512E1;1,5.91E+10
2,987768335E0;-1,344599915E2;-5,519999981E0;-8,393999481E1;1,5.86E+10
2,995763814E0;-1,345800018E2;-6,059999943E0;-8,411999512E1;1,5.88E+10
3,003789809E0;-1,340399933E2;-6,359999657E0;-8,327999878E1;1,5.79E+10
3,011846321E0;-1,338600006E2;-6,059999943E0;-8,375999451E1;1,5.80E+10
3,019780766E0;-1,343399963E2;-6,119999886E0;-8,363999939E1;1,5.84E+10
3,027806761E0;-1,343399963E2;-5,460000038E0;-8,297999573E1;1,5.80E+10
3,035802239E0;-1,348199921E2;-5,699999809E0;-8,381999969E1;1,5.89E+10
3,043828235E0;-1,348199921E2;-5,819999695E0;-8,322000122E1;1,5.85E+10
3,051884747E0;-1,345800018E2;-5,759999752E0;-8,340000153E1;1,5.84E+10
3,059849709E0;-1,345200043E2;-5,639999866E0;-8,322000122E1;1,5.83E+10
3,067845187E0;-1,342799988E2;-5,279999733E0;-8,286000061E1;1,5.79E+10
3,075840665E0;-1,340999908E2;-5,099999905E0;-8,322000122E1;1,5.79E+10
3,083866661E0;-1,340399933E2;-5,219999790E0;-8,333999634E1;1,5.79E+10
3,091923173E0;-1,336799927E2;-5,039999962E0;-8,351999664E1;1,5.77E+10
3,099857617E0;-1,336199951E2;-5,039999962E0;-8,340000153E1;1,5.76E+10
3,107883613E0;-1,339199982E2;-5,099999905E0;-8,322000122E1;1,5.78E+10
3,115879091E0;-1,338000031E2;-4,980000019E0;-8,304000092E1;1,5.76E+10
3,123874570E0;-1,336799927E2;-5,579999924E0;-8,322000122E1;1,5.76E+10
3,131961599E0;-1,340999908E2;-5,639999866E0;-8,309999847E1;1,5.79E+10
3,139896043E0;-1,340999908E2;-6,000000000E0;-8,333999634E1;1,5.80E+10
3,147922038E0;-1,345200043E2;-6,179999828E0;-8,345999908E1;1,5.84E+10
3,155917517E0;-1,346999969E2;-6,119999886E0;-8,340000153E1;1,5.85E+10
3,163912995E0;-1,347599945E2;-5,879999638E0;-8,381999969E1;1,5.88E+10
3,172000024E0;-1,344599915E2;-5,639999866E0;-8,345999908E1;1,5.84E+10
3,179934469E0;-1,338600006E2;-5,400000095E0;-8,340000153E1;1,5.78E+10
3,187929947E0;-1,343999939E2;-5,279999733E0;-8,327999878E1;1,5.82E+10
3,195955942E0;-1,340399933E2;-5,460000038E0;-8,322000122E1;1,5.79E+10
3,203951421E0;-1,345200043E2;-5,519999981E0;-8,340000153E1;1,5.84E+10
3,212007933E0;-1,353000031E2;-5,460000038E0;-8,315999603E1;1,5.89E+10
3,219972894E0;-1,353600006E2;-5,699999809E0;-8,309999847E1;1,5.89E+10
3,227968373E0;-1,354199982E2;-5,940000057E0;-8,279999542E1;1,5.88E+10
3,235963851E0;-1,358399963E2;-6,239999771E0;-8,243999481E1;1,5.90E+10
3,243989846E0;-1,353000031E2;-6,239999771E0;-8,286000061E1;1,5.88E+10
3,252046359E0;-1,346999969E2;-6,359999657E0;-8,333999634E1;1,5.85E+10
3,260011321E0;-1,344599915E2;-6,359999657E0;-8,340000153E1;1,5.84E+10
3,268006798E0;-1,342200012E2;-6,239999771E0;-8,363999939E1;1,5.83E+10
3,276002276E0;-1,343399963E2;-6,779999733E0;-8,327999878E1;1,5.82E+10
3,284028273E0;-1,347599945E2;-6,899999619E0;-8,363999939E1;1,5.88E+10
3,292084784E0;-1,344599915E2;-6,599999905E0;-8,351999664E1;1,5.84E+10
3,300019228E0;-1,342799988E2;-6,599999905E0;-8,327999878E1;1,5.81E+10
3,308045225E0;-1,342200012E2;-6,239999771E0;-8,351999664E1;1,5.82E+10
3,316040703E0;-1,343399963E2;-5,879999638E0;-8,273999786E1;1,5.79E+10
3,324066698E0;-1,347599945E2;-5,940000057E0;-8,322000122E1;1,5.85E+10
3,332123211E0;-1,349400024E2;-5,759999752E0;-8,327999878E1;1,5.87E+10
3,340057655E0;-1,349400024E2;-5,519999981E0;-8,315999603E1;1,5.86E+10
3,348083650E0;-1,345800018E2;-5,159999847E0;-8,315999603E1;1,5.83E+10
3,356079128E0;-1,350000000E2;-5,400000095E0;-8,261999512E1;1,5.84E+10
3,364105124E0;-1,346399994E2;-5,219999790E0;-8,291999817E1;1,5.82E+10
3,372161636E0;-1,345200043E2;-5,339999676E0;-8,315999603E1;1,5.82E+10
3,380096080E0;-1,346999969E2;-5,699999809E0;-8,309999847E1;1,5.84E+10
3,388122076E0;-1,339199982E2;-5,519999981E0;-8,363999939E1;1,5.80E+10
3,396117554E0;-1,336799927E2;-5,819999695E0;-8,363999939E1;1,5.78E+10
3,404113032E0;-1,337399902E2;-5,819999695E0;-8,340000153E1;1,5.77E+10
3,412200062E0;-1,334400024E2;-5,639999866E0;-8,387999725E1;1,5.77E+10
3,420134506E0;-1,336199951E2;-5,940000057E0;-8,369999695E1;1,5.78E+10
3,428129984E0;-1,339799957E2;-5,699999809E0;-8,393999481E1;1,5.82E+10
3,436155979E0;-1,340999908E2;-5,940000057E0;-8,400000000E1;1,5.83E+10
3,444151458E0;-1,342799988E2;-6,119999886E0;-8,369999695E1;1,5.83E+10
3,452238488E0;-1,343999939E2;-6,059999943E0;-8,345999908E1;1,5.83E+10
3,460172931E0;-1,344599915E2;-6,299999714E0;-8,363999939E1;1,5.85E+10
3,468168410E0;-1,343399963E2;-5,879999638E0;-8,369999695E1;1,5.84E+10
3,476194406E0;-1,347599945E2;-5,879999638E0;-8,358000183E1;1,5.87E+10
3,484189883E0;-1,348799896E2;-5,759999752E0;-8,393999481E1;1,5.90E+10
3,492246396E0;-1,353000031E2;-5,519999981E0;-8,369999695E1;1,5.92E+10
3,500211358E0;-1,353600006E2;-5,759999752E0;-8,351999664E1;1,5.92E+10
3,508206835E0;-1,346999969E2;-5,460000038E0;-8,345999908E1;1,5.86E+10
3,516202314E0;-1,345800018E2;-5,519999981E0;-8,340000153E1;1,5.84E+10
3,524228310E0;-1,340999908E2;-5,819999695E0;-8,322000122E1;1,5.79E+10
3,532284823E0;-1,341600037E2;-5,400000095E0;-8,333999634E1;1,5.80E+10
3,540219266E0;-1,345200043E2;-5,699999809E0;-8,351999664E1;1,5.84E+10
3,548245262E0;-1,346399994E2;-5,940000057E0;-8,279999542E1;1,5.82E+10
3,556240740E0;-1,341600037E2;-5,639999866E0;-8,279999542E1;1,5.78E+10
3,564236218E0;-1,337399902E2;-5,940000057E0;-8,309999847E1;1,5.76E+10
3,572323248E0;-1,335000000E2;-5,819999695E0;-8,286000061E1;1,5.72E+10
3,580257692E0;-1,331999969E2;-5,579999924E0;-8,363999939E1;1,5.74E+10
3,588253170E0;-1,339199982E2;-5,759999752E0;-8,327999878E1;1,5.78E+10
3,596279166E0;-1,340999908E2;-6,239999771E0;-8,291999817E1;1,5.78E+10
3,604274644E0;-1,345800018E2;-6,119999886E0;-8,345999908E1;1,5.85E+10
3,612331157E0;-1,343399963E2;-5,759999752E0;-8,327999878E1;1,5.82E+10
3,620296118E0;-1,343399963E2;-5,339999676E0;-8,351999664E1;1,5.83E+10
3,628291596E0;-1,346399994E2;-4,980000019E0;-8,327999878E1;1,5.84E+10
3,636287075E0;-1,343999939E2;-5,159999847E0;-8,286000061E1;1,5.80E+10
3,644313070E0;-1,348799896E2;-5,400000095E0;-8,291999817E1;1,5.84E+10
3,652369582E0;-1,346999969E2;-5,699999809E0;-8,322000122E1;1,5.84E+10
3,660304027E0;-1,344599915E2;-5,639999866E0;-8,309999847E1;1,5.82E+10
3,668330022E0;-1,341600037E2;-5,639999866E0;-8,333999634E1;1,5.80E+10
3,676325500E0;-1,342200012E2;-6,000000000E0;-8,304000092E1;1,5.79E+10
3,684320979E0;-1,341600037E2;-5,940000057E0;-8,322000122E1;1,5.80E+10
3,692408008E0;-1,345800018E2;-6,059999943E0;-8,315999603E1;1,5.83E+10
3,700342452E0;-1,350599976E2;-6,000000000E0;-8,297999573E1;1,5.86E+10
3,708337931E0;-1,347599945E2;-5,639999866E0;-8,309999847E1;1,5.84E+10
3,716363926E0;-1,351199951E2;-5,819999695E0;-8,297999573E1;1,5.87E+10
3,724359404E0;-1,351799927E2;-5,759999752E0;-8,340000153E1;1,5.89E+10
3,732415917E0;-1,352399902E2;-5,639999866E0;-8,363999939E1;1,5.91E+10
3,740380878E0;-1,355399933E2;-5,879999638E0;-8,315999603E1;1,5.91E+10
3,748376356E0;-1,354199982E2;-6,420000076E0;-8,297999573E1;1,5.90E+10
3,756371835E0;-1,352399902E2;-6,420000076E0;-8,279999542E1;1,5.87E+10
3,764397830E0;-1,348799896E2;-6,539999962E0;-8,268000031E1;1,5.83E+10
3,772454342E0;-1,346399994E2;-6,599999905E0;-8,345999908E1;1,5.85E+10
3,780388787E0;-1,343399963E2;-6,119999886E0;-8,358000183E1;1,5.83E+10
3,788414782E0;-1,343999939E2;-5,879999638E0;-8,411999512E1;1,5.87E+10
3,796410260E0;-1,345200043E2;-5,819999695E0;-8,411999512E1;1,5.88E+10
3,804405739E0;-1,347599945E2;-5,819999695E0;-8,423999786E1;1,5.90E+10
3,812492768E0;-1,345800018E2;-5,879999638E0;-8,405999756E1;1,5.88E+10
3,820427212E0;-1,349400024E2;-5,819999695E0;-8,405999756E1;1,5.91E+10
3,828422691E0;-1,347599945E2;-5,819999695E0;-8,454000092E1;1,5.92E+10
3,836448686E0;-1,342200012E2;-5,639999866E0;-8,400000000E1;1,5.84E+10
3,844444164E0;-1,343999939E2;-5,400000095E0;-8,400000000E1;1,5.86E+10
3,852500677E0;-1,343999939E2;-5,279999733E0;-8,351999664E1;1,5.83E+10
3,860465638E0;-1,345800018E2;-5,460000038E0;-8,268000031E1;1,5.80E+10
3,868461116E0;-1,347599945E2;-5,519999981E0;-8,273999786E1;1,5.82E+10
3,876456595E0;-1,347599945E2;-5,460000038E0;-8,279999542E1;1,5.83E+10
3,884452073E0;-1,343999939E2;-5,879999638E0;-8,309999847E1;1,5.81E+10
3,892539102E0;-1,345800018E2;-5,879999638E0;-8,340000153E1;1,5.84E+10
3,900473547E0;-1,347599945E2;-5,759999752E0;-8,351999664E1;1,5.86E+10
3,908499543E0;-1,345800018E2;-5,519999981E0;-8,363999939E1;1,5.85E+10
3,916495020E0;-1,345200043E2;-5,460000038E0;-8,322000122E1;1,5.83E+10
3,924490499E0;-1,339799957E2;-5,219999790E0;-8,322000122E1;1,5.78E+10
3,932577529E0;-1,342200012E2;-5,400000095E0;-8,327999878E1;1,5.80E+10
3,940511972E0;-1,342799988E2;-5,639999866E0;-8,286000061E1;1,5.79E+10
3,948507451E0;-1,343999939E2;-5,879999638E0;-8,286000061E1;1,5.80E+10
3,956533447E0;-1,346999969E2;-5,940000057E0;-8,273999786E1;1,5.82E+10
3,964528924E0;-1,346399994E2;-5,699999809E0;-8,268000031E1;1,5.81E+10
3,972585437E0;-1,346399994E2;-5,940000057E0;-8,250000000E1;1,5.80E+10
3,980519881E0;-1,346399994E2;-5,819999695E0;-8,225999451E1;1,5.79E+10
3,988545877E0;-1,344599915E2;-5,699999809E0;-8,273999786E1;1,5.80E+10
3,996541355E0;-1,346999969E2;-5,819999695E0;-8,291999817E1;1,5.83E+10
4,004536833E0;-1,346999969E2;-5,819999695E0;-8,369999695E1;1,5.87E+10
4,012623863E0;-1,348199921E2;-5,639999866E0;-8,429999542E1;1,5.91E+10
4,020558307E0;-1,346399994E2;-5,940000057E0;-8,381999969E1;1,5.87E+10
4,028553785E0;-1,343399963E2;-6,059999943E0;-8,381999969E1;1,5.85E+10
4,036579781E0;-1,342200012E2;-5,699999809E0;-8,381999969E1;1,5.83E+10
4,044575259E0;-1,342799988E2;-5,940000057E0;-8,363999939E1;1,5.83E+10
4,052631771E0;-1,345200043E2;-5,879999638E0;-8,393999481E1;1,5.87E+10
4,060596733E0;-1,346399994E2;-5,940000057E0;-8,381999969E1;1,5.87E+10
4,068592212E0;-1,346999969E2;-6,059999943E0;-8,322000122E1;1,5.84E+10
4,076587689E0;-1,346399994E2;-5,879999638E0;-8,304000092E1;1,5.83E+10
4,084613685E0;-1,346399994E2;-5,819999695E0;-8,304000092E1;1,5.83E+10
4,092670198E0;-1,345200043E2;-5,879999638E0;-8,333999634E1;1,5.84E+10
4,100604641E0;-1,342200012E2;-5,759999752E0;-8,375999451E1;1,5.83E+10
4,108630637E0;-1,340999908E2;-5,759999752E0;-8,423999786E1;1,5.85E+10
4,116626116E0;-1,342799988E2;-6,059999943E0;-8,436000061E1;1,5.87E+10
4,124621593E0;-1,344599915E2;-5,519999981E0;-8,418000031E1;1,5.87E+10
4,132708623E0;-1,343399963E2;-5,819999695E0;-8,436000061E1;1,5.87E+10
4,140643067E0;-1,345200043E2;-5,699999809E0;-8,405999756E1;1,5.87E+10
4,148638546E0;-1,343399963E2;-5,460000038E0;-8,423999786E1;1,5.87E+10
4,156664541E0;-1,340999908E2;-5,699999809E0;-8,405999756E1;1,5.84E+10
4,164660019E0;-1,344599915E2;-5,279999733E0;-8,369999695E1;1,5.85E+10
4,172747049E0;-1,341600037E2;-5,279999733E0;-8,393999481E1;1,5.83E+10
4,180681493E0;-1,339199982E2;-5,099999905E0;-8,345999908E1;1,5.79E+10
4,188676971E0;-1,337399902E2;-5,039999962E0;-8,327999878E1;1,5.76E+10
4,196702967E0;-1,335000000E2;-5,099999905E0;-8,351999664E1;1,5.76E+10
4,204698445E0;-1,335000000E2;-5,279999733E0;-8,340000153E1;1,5.75E+10
4,212785474E0;-1,336199951E2;-5,279999733E0;-8,363999939E1;1,5.77E+10
4,220719918E0;-1,336199951E2;-5,339999676E0;-8,393999481E1;1,5.79E+10
4,228715397E0;-1,339199982E2;-5,639999866E0;-8,358000183E1;1,5.80E+10
4,236741392E0;-1,340999908E2;-5,579999924E0;-8,333999634E1;1,5.80E+10
4,244736870E0;-1,342799988E2;-5,940000057E0;-8,340000153E1;1,5.82E+10
4,252793383E0;-1,340399933E2;-5,639999866E0;-8,322000122E1;1,5.79E+10
4,260758344E0;-1,340999908E2;-5,639999866E0;-8,358000183E1;1,5.81E+10
4,268753822E0;-1,340399933E2;-5,639999866E0;-8,375999451E1;1,5.82E+10
4,276779819E0;-1,341600037E2;-5,879999638E0;-8,363999939E1;1,5.82E+10
4,284775297E0;-1,347599945E2;-6,239999771E0;-8,387999725E1;1,5.89E+10
4,292831809E0;-1,346399994E2;-6,480000019E0;-8,411999512E1;1,5.89E+10
4,300796770E0;-1,346399994E2;-6,420000076E0;-8,387999725E1;1,5.88E+10
4,308792249E0;-1,345800018E2;-6,059999943E0;-8,393999481E1;1,5.87E+10
4,316818244E0;-1,342799988E2;-6,179999828E0;-8,405999756E1;1,5.85E+10
4,324813722E0;-1,338600006E2;-5,940000057E0;-8,340000153E1;1,5.78E+10
4,332870235E0;-1,336799927E2;-6,239999771E0;-8,358000183E1;1,5.78E+10
4,340835196E0;-1,334400024E2;-6,420000076E0;-8,333999634E1;1,5.75E+10
4,348830674E0;-1,333799896E2;-6,420000076E0;-8,304000092E1;1,5.72E+10
4,356826153E0;-1,335599976E2;-6,719999790E0;-8,327999878E1;1,5.75E+10
4,364852148E0;-1,338000031E2;-6,480000019E0;-8,340000153E1;1,5.78E+10
4,372908661E0;-1,338600006E2;-5,759999752E0;-8,369999695E1;1,5.80E+10
4,380843105E0;-1,341600037E2;-5,819999695E0;-8,315999603E1;1,5.80E+10
4,388869100E0;-1,343999939E2;-5,639999866E0;-8,351999664E1;1,5.83E+10
4,396864578E0;-1,343999939E2;-5,400000095E0;-8,369999695E1;1,5.84E+10
4,404890573E0;-1,344599915E2;-6,119999886E0;-8,363999939E1;1,5.85E+10
4,412947086E0;-1,343399963E2;-5,879999638E0;-8,423999786E1;1,5.87E+10
4,420881530E0;-1,346399994E2;-5,879999638E0;-8,381999969E1;1,5.87E+10
4,428877009E0;-1,346999969E2;-6,119999886E0;-8,358000183E1;1,5.86E+10
4,436903004E0;-1,343399963E2;-5,759999752E0;-8,363999939E1;1,5.84E+10
4,444898482E0;-1,343999939E2;-5,639999866E0;-8,381999969E1;1,5.85E+10
4,452985512E0;-1,341600037E2;-5,879999638E0;-8,358000183E1;1,5.82E+10
4,460919956E0;-1,336199951E2;-5,819999695E0;-8,381999969E1;1,5.78E+10
4,468915434E0;-1,339799957E2;-5,879999638E0;-8,387999725E1;1,5.82E+10
4,476941429E0;-1,340399933E2;-5,819999695E0;-8,340000153E1;1,5.80E+10
4,484936908E0;-1,340399933E2;-5,819999695E0;-8,358000183E1;1,5.81E+10
4,492993421E0;-1,342799988E2;-6,000000000E0;-8,345999908E1;1,5.82E+10
4,500958382E0;-1,342799988E2;-6,239999771E0;-8,327999878E1;1,5.81E+10
4,508953860E0;-1,341600037E2;-6,179999828E0;-8,351999664E1;1,5.82E+10
4,516949338E0;-1,341600037E2;-5,879999638E0;-8,340000153E1;1,5.81E+10
4,524975334E0;-1,346999969E2;-5,879999638E0;-8,340000153E1;1,5.85E+10
4,533031846E0;-1,346999969E2;-5,699999809E0;-8,340000153E1;1,5.85E+10
4,540966290E0;-1,345800018E2;-5,759999752E0;-8,309999847E1;1,5.83E+10
4,548992286E0;-1,344599915E2;-5,759999752E0;-8,309999847E1;1,5.82E+10
4,556987764E0;-1,338600006E2;-5,460000038E0;-8,322000122E1;1,5.77E+10
4,564983242E0;-1,339199982E2;-5,639999866E0;-8,322000122E1;1,5.78E+10
4,573070273E0;-1,343399963E2;-6,000000000E0;-8,375999451E1;1,5.84E+10
4,581004717E0;-1,343999939E2;-6,119999886E0;-8,375999451E1;1,5.85E+10
4,589030712E0;-1,344599915E2;-6,119999886E0;-8,333999634E1;1,5.83E+10
4,597026190E0;-1,344599915E2;-6,239999771E0;-8,309999847E1;1,5.82E+10
4,605021669E0;-1,345800018E2;-6,119999886E0;-8,322000122E1;1,5.84E+10
4,613108698E0;-1,343999939E2;-5,940000057E0;-8,322000122E1;1,5.82E+10
4,621043142E0;-1,344599915E2;-5,879999638E0;-8,369999695E1;1,5.85E+10
4,629038621E0;-1,344599915E2;-5,579999924E0;-8,393999481E1;1,5.86E+10
4,637064616E0;-1,340399933E2;-5,159999847E0;-8,375999451E1;1,5.81E+10
4,645060094E0;-1,341600037E2;-5,339999676E0;-8,369999695E1;1,5.82E+10
4,653147124E0;-1,344599915E2;-5,279999733E0;-8,333999634E1;1,5.83E+10
4,661081568E0;-1,340999908E2;-5,339999676E0;-8,309999847E1;1,5.79E+10
4,669077046E0;-1,342799988E2;-5,460000038E0;-8,315999603E1;1,5.80E+10
4,677103041E0;-1,343399963E2;-5,339999676E0;-8,340000153E1;1,5.82E+10
4,685098520E0;-1,340399933E2;-5,400000095E0;-8,351999664E1;1,5.80E+10
4,693155032E0;-1,341600037E2;-5,460000038E0;-8,369999695E1;1,5.82E+10
4,701119993E0;-1,342799988E2;-5,879999638E0;-8,351999664E1;1,5.82E+10
4,709115472E0;-1,343399963E2;-5,940000057E0;-8,358000183E1;1,5.83E+10
4,717110950E0;-1,340399933E2;-6,059999943E0;-8,333999634E1;1,5.80E+10
4,725136945E0;-1,340999908E2;-5,819999695E0;-8,351999664E1;1,5.81E+10
4,733193458E0;-1,339199982E2;-5,819999695E0;-8,369999695E1;1,5.80E+10
4,741127902E0;-1,339799957E2;-5,699999809E0;-8,345999908E1;1,5.80E+10
4,749153897E0;-1,342200012E2;-5,460000038E0;-8,322000122E1;1,5.80E+10
4,757149376E0;-1,348799896E2;-5,699999809E0;-8,322000122E1;1,5.86E+10
4,765144854E0;-1,349400024E2;-5,460000038E0;-8,297999573E1;1,5.85E+10
4,773231884E0;-1,354799957E2;-5,759999752E0;-8,304000092E1;1,5.90E+10
4,781166328E0;-1,360200043E2;-6,119999886E0;-8,333999634E1;1,5.96E+10
4,789161806E0;-1,354199982E2;-6,059999943E0;-8,315999603E1;1,5.90E+10
4,797187802E0;-1,353000031E2;-6,119999886E0;-8,351999664E1;1,5.91E+10
4,805183280E0;-1,347599945E2;-6,179999828E0;-8,358000183E1;1,5.87E+10
4,813239792E0;-1,344599915E2;-6,359999657E0;-8,387999725E1;1,5.86E+10
4,821204754E0;-1,345800018E2;-6,539999962E0;-8,393999481E1;1,5.87E+10
4,829200232E0;-1,346399994E2;-6,659999847E0;-8,363999939E1;1,5.86E+10
4,837195710E0;-1,346999969E2;-6,359999657E0;-8,358000183E1;1,5.87E+10
4,845221706E0;-1,344599915E2;-6,000000000E0;-8,322000122E1;1,5.82E+10
4,853278219E0;-1,340999908E2;-5,699999809E0;-8,340000153E1;1,5.80E+10
4,861243180E0;-1,340399933E2;-5,339999676E0;-8,345999908E1;1,5.80E+10
4,869238658E0;-1,336799927E2;-5,339999676E0;-8,322000122E1;1,5.76E+10
4,877234137E0;-1,338600006E2;-5,639999866E0;-8,315999603E1;1,5.77E+10
4,885260132E0;-1,343399963E2;-5,940000057E0;-8,333999634E1;1,5.82E+10
4,893316644E0;-1,346999969E2;-6,179999828E0;-8,309999847E1;1,5.84E+10
4,901251089E0;-1,348199921E2;-6,179999828E0;-8,309999847E1;1,5.85E+10
4,909277084E0;-1,347599945E2;-5,940000057E0;-8,363999939E1;1,5.87E+10
4,917272562E0;-1,346999969E2;-5,879999638E0;-8,304000092E1;1,5.83E+10
4,925268041E0;-1,340399933E2;-5,819999695E0;-8,340000153E1;1,5.80E+10
4,933355070E0;-1,338000031E2;-5,759999752E0;-8,358000183E1;1,5.79E+10
4,941289514E0;-1,337399902E2;-5,759999752E0;-8,340000153E1;1,5.77E+10
4,949284993E0;-1,336199951E2;-5,759999752E0;-8,340000153E1;1,5.76E+10
4,957310988E0;-1,339799957E2;-6,000000000E0;-8,309999847E1;1,5.78E+10
4,965306466E0;-1,345200043E2;-6,359999657E0;-8,315999603E1;1,5.83E+10
4,973362979E0;-1,345200043E2;-6,420000076E0;-8,304000092E1;1,5.82E+10
4,981297423E0;-1,340399933E2;-6,299999714E0;-8,327999878E1;1,5.79E+10
4,989323418E0;-1,339199982E2;-6,239999771E0;-8,315999603E1;1,5.78E+10
4,997318897E0;-1,336799927E2;-5,940000057E0;-8,309999847E1;1,5.75E+10
5,005314375E0;-1,343999939E2;-6,299999714E0;-8,309999847E1;1,5.81E+10
5,013401404E0;-1,346399994E2;-6,119999886E0;-8,315999603E1;1,5.84E+10
5,021335849E0;-1,348199921E2;-5,819999695E0;-8,381999969E1;1,5.89E+10
5,029331327E0;-1,350000000E2;-5,879999638E0;-8,381999969E1;1,5.90E+10
5,037357322E0;-1,343999939E2;-5,759999752E0;-8,411999512E1;1,5.87E+10
5,045352801E0;-1,344599915E2;-5,819999695E0;-8,387999725E1;1,5.86E+10
5,053409313E0;-1,344599915E2;-5,940000057E0;-8,381999969E1;1,5.86E+10
5,061343758E0;-1,342200012E2;-5,879999638E0;-8,411999512E1;1,5.85E+10
5,069369753E0;-1,342200012E2;-5,699999809E0;-8,369999695E1;1,5.83E+10
5,077365231E0;-1,340999908E2;-5,519999981E0;-8,393999481E1;1,5.83E+10
5,085391226E0;-1,340399933E2;-5,519999981E0;-8,363999939E1;1,5.81E+10
5,093447739E0;-1,343399963E2;-5,819999695E0;-8,297999573E1;1,5.80E+10
5,101382183E0;-1,342200012E2;-5,759999752E0;-8,340000153E1;1,5.81E+10
5,109377661E0;-1,345800018E2;-6,239999771E0;-8,358000183E1;1,5.85E+10
5,117403657E0;-1,348199921E2;-6,119999886E0;-8,345999908E1;1,5.87E+10
5,125399135E0;-1,350000000E2;-5,879999638E0;-8,375999451E1;1,5.90E+10
5,133455648E0;-1,351799927E2;-5,879999638E0;-8,358000183E1;1,5.90E+10
5,141420609E0;-1,346999969E2;-5,519999981E0;-8,327999878E1;1,5.85E+10
5,149416087E0;-1,345200043E2;-5,819999695E0;-8,327999878E1;1,5.83E+10
5,157411565E0;-1,342200012E2;-5,940000057E0;-8,315999603E1;1,5.80E+10
5,165407044E0;-1,342799988E2;-6,359999657E0;-8,327999878E1;1,5.81E+10
5,173494073E0;-1,347599945E2;-6,480000019E0;-8,375999451E1;1,5.88E+10
5,181428517E0;-1,345200043E2;-6,359999657E0;-8,358000183E1;1,5.85E+10
5,189423996E0;-1,343399963E2;-6,119999886E0;-8,429999542E1;1,5.87E+10
5,197449991E0;-1,342200012E2;-5,699999809E0;-8,400000000E1;1,5.84E+10
5,205445469E0;-1,338600006E2;-5,759999752E0;-8,351999664E1;1,5.79E+10
5,213501982E0;-1,338600006E2;-5,579999924E0;-8,387999725E1;1,5.81E+10
5,221436426E0;-1,340399933E2;-5,699999809E0;-8,340000153E1;1,5.80E+10
5,229462421E0;-1,343999939E2;-5,639999866E0;-8,363999939E1;1,5.84E+10
5,237457900E0;-1,344599915E2;-5,579999924E0;-8,375999451E1;1,5.85E+10
5,245453378E0;-1,345200043E2;-5,699999809E0;-8,340000153E1;1,5.84E+10
5,253540408E0;-1,349400024E2;-6,119999886E0;-8,340000153E1;1,5.88E+10
5,261474852E0;-1,346999969E2;-6,119999886E0;-8,327999878E1;1,5.85E+10
5,269470330E0;-1,346999969E2;-6,059999943E0;-8,351999664E1;1,5.86E+10
5,277496325E0;-1,351799927E2;-6,059999943E0;-8,358000183E1;1,5.90E+10
5,285491804E0;-1,346399994E2;-5,579999924E0;-8,387999725E1;1,5.87E+10
5,293548316E0;-1,348199921E2;-5,639999866E0;-8,387999725E1;1,5.89E+10
5,301482761E0;-1,348199921E2;-5,759999752E0;-8,375999451E1;1,5.88E+10
5,309508756E0;-1,344599915E2;-5,879999638E0;-8,400000000E1;1,5.87E+10
5,317504234E0;-1,345800018E2;-5,940000057E0;-8,363999939E1;1,5.86E+10
5,325499713E0;-1,343399963E2;-5,759999752E0;-8,363999939E1;1,5.84E+10
5,333586742E0;-1,343999939E2;-5,879999638E0;-8,358000183E1;1,5.84E+10
5,341521186E0;-1,345800018E2;-5,940000057E0;-8,309999847E1;1,5.83E+10
5,349516665E0;-1,346999969E2;-6,239999771E0;-8,322000122E1;1,5.85E+10
5,357542660E0;-1,350000000E2;-6,539999962E0;-8,315999603E1;1,5.87E+10
5,365538138E0;-1,348199921E2;-6,299999714E0;-8,291999817E1;1,5.84E+10
5,373594651E0;-1,351199951E2;-6,119999886E0;-8,273999786E1;1,5.86E+10
5,381559612E0;-1,346399994E2;-5,940000057E0;-8,268000031E1;1,5.81E+10
5,389555090E0;-1,343399963E2;-5,400000095E0;-8,268000031E1;1,5.78E+10
5,397581085E0;-1,345200043E2;-5,460000038E0;-8,297999573E1;1,5.81E+10
5,405576564E0;-1,342200012E2;-5,639999866E0;-8,327999878E1;1,5.81E+10
5,413633076E0;-1,348199921E2;-5,519999981E0;-8,309999847E1;1,5.85E+10
5,421598037E0;-1,346999969E2;-5,940000057E0;-8,286000061E1;1,5.83E+10
5,429593516E0;-1,347599945E2;-5,879999638E0;-8,279999542E1;1,5.83E+10
5,437619512E0;-1,350000000E2;-5,400000095E0;-8,309999847E1;1,5.86E+10
5,445614989E0;-1,347599945E2;-5,460000038E0;-8,309999847E1;1,5.84E+10
5,453671502E0;-1,353600006E2;-5,279999733E0;-8,309999847E1;1,5.89E+10
5,461636464E0;-1,354199982E2;-5,519999981E0;-8,291999817E1;1,5.89E+10
5,469631942E0;-1,349400024E2;-6,239999771E0;-8,286000061E1;1,5.85E+10
5,477627420E0;-1,348799896E2;-6,179999828E0;-8,333999634E1;1,5.87E+10
5,485653416E0;-1,343399963E2;-6,179999828E0;-8,315999603E1;1,5.81E+10
5,493709928E0;-1,342200012E2;-5,759999752E0;-8,322000122E1;1,5.80E+10
5,501644372E0;-1,340999908E2;-5,039999962E0;-8,297999573E1;1,5.78E+10
5,509639850E0;-1,343399963E2;-5,219999790E0;-8,291999817E1;1,5.80E+10
5,517665846E0;-1,345200043E2;-5,339999676E0;-8,345999908E1;1,5.84E+10
5,525661324E0;-1,345200043E2;-5,639999866E0;-8,340000153E1;1,5.84E+10
5,533717836E0;-1,345200043E2;-6,239999771E0;-8,351999664E1;1,5.85E+10
5,541652281E0;-1,343999939E2;-6,179999828E0;-8,363999939E1;1,5.84E+10
5,549678277E0;-1,340999908E2;-6,179999828E0;-8,363999939E1;1,5.82E+10
5,557673754E0;-1,338000031E2;-5,819999695E0;-8,387999725E1;1,5.80E+10
5,565669233E0;-1,342200012E2;-5,519999981E0;-8,429999542E1;1,5.86E+10
5,573756263E0;-1,343399963E2;-5,699999809E0;-8,375999451E1;1,5.84E+10
5,581690706E0;-1,344599915E2;-5,579999924E0;-8,345999908E1;1,5.84E+10
5,589686185E0;-1,347599945E2;-5,759999752E0;-8,358000183E1;1,5.87E+10
5,597712181E0;-1,348199921E2;-5,699999809E0;-8,327999878E1;1,5.86E+10
5,605707659E0;-1,345200043E2;-5,519999981E0;-8,369999695E1;1,5.85E+10
5,613764171E0;-1,345800018E2;-5,460000038E0;-8,333999634E1;1,5.84E+10
5,621729133E0;-1,345800018E2;-5,879999638E0;-8,304000092E1;1,5.82E+10
5,629724611E0;-1,345800018E2;-6,179999828E0;-8,250000000E1;1,5.80E+10
5,637720089E0;-1,347599945E2;-6,119999886E0;-8,208000183E1;1,5.79E+10
5,645746085E0;-1,345200043E2;-6,299999714E0;-8,255999756E1;1,5.80E+10
5,653802597E0;-1,344599915E2;-5,879999638E0;-8,291999817E1;1,5.81E+10
5,661737041E0;-1,345800018E2;-5,339999676E0;-8,351999664E1;1,5.85E+10
5,669732519E0;-1,339799957E2;-5,460000038E0;-8,375999451E1;1,5.81E+10
5,677758515E0;-1,337399902E2;-5,279999733E0;-8,351999664E1;1,5.78E+10
5,685753994E0;-1,338600006E2;-5,339999676E0;-8,363999939E1;1,5.79E+10
5,693810505E0;-1,340399933E2;-5,639999866E0;-8,333999634E1;1,5.79E+10
5,701775467E0;-1,345800018E2;-5,579999924E0;-8,309999847E1;1,5.83E+10
5,709770946E0;-1,354199982E2;-5,819999695E0;-8,315999603E1;1,5.90E+10
5,717766423E0;-1,346399994E2;-5,879999638E0;-8,237999725E1;1,5.80E+10
5,725792419E0;-1,339799957E2;-5,759999752E0;-8,291999817E1;1,5.77E+10
5,733848932E0;-1,340999908E2;-5,639999866E0;-8,309999847E1;1,5.79E+10
5,741783375E0;-1,336799927E2;-5,579999924E0;-8,291999817E1;1,5.74E+10
5,749809371E0;-1,345800018E2;-5,639999866E0;-8,351999664E1;1,5.85E+10
5,757804849E0;-1,345800018E2;-5,460000038E0;-8,291999817E1;1,5.82E+10
5,765800328E0;-1,339799957E2;-5,519999981E0;-8,273999786E1;1,5.76E+10
5,773887357E0;-1,339799957E2;-5,400000095E0;-8,340000153E1;1,5.79E+10
5,781821801E0;-1,338000031E2;-5,279999733E0;-8,297999573E1;1,5.75E+10
5,789817280E0;-1,342799988E2;-5,759999752E0;-8,369999695E1;1,5.83E+10
5,797812757E0;-1,344599915E2;-5,879999638E0;-8,345999908E1;1,5.84E+10
5,805838753E0;-1,346999969E2;-6,480000019E0;-8,304000092E1;1,5.84E+10
5,813895266E0;-1,345200043E2;-6,719999790E0;-8,340000153E1;1,5.84E+10
5,821829709E0;-1,340999908E2;-6,899999619E0;-8,273999786E1;1,5.77E+10
5,829855705E0;-1,340399933E2;-6,839999676E0;-8,315999603E1;1,5.79E+10
5,837851184E0;-1,333799896E2;-6,420000076E0;-8,333999634E1;1,5.74E+10
5,845877179E0;-1,330200043E2;-6,239999771E0;-8,358000183E1;1,5.72E+10
5,853933692E0;-1,332599945E2;-6,000000000E0;-8,400000000E1;1,5.76E+10
5,861868136E0;-1,333799896E2;-6,239999771E0;-8,454000092E1;1,5.80E+10
5,869894131E0;-1,340999908E2;-6,480000019E0;-8,454000092E1;1,5.87E+10
5,877889609E0;-1,346999969E2;-6,719999790E0;-8,454000092E1;1,5.92E+10
5,885885088E0;-1,348199921E2;-6,839999676E0;-8,441999817E1;1,5.92E+10
5,893972117E0;-1,342200012E2;-6,899999619E0;-8,423999786E1;1,5.86E+10
5,901906561E0;-1,342200012E2;-6,899999619E0;-8,423999786E1;1,5.86E+10
5,909902040E0;-1,336799927E2;-6,659999847E0;-8,441999817E1;1,5.82E+10
5,917897518E0;-1,336199951E2;-6,539999962E0;-8,465999603E1;1,5.83E+10
5,925923513E0;-1,338600006E2;-6,599999905E0;-8,411999512E1;1,5.82E+10
5,933980026E0;-1,340999908E2;-6,539999962E0;-8,411999512E1;1,5.84E+10
5,941914470E0;-1,345800018E2;-6,960000038E0;-8,381999969E1;1,5.87E+10
5,949940465E0;-1,342799988E2;-6,719999790E0;-8,369999695E1;1,5.84E+10
5,957935944E0;-1,343999939E2;-6,359999657E0;-8,375999451E1;1,5.85E+10
5,965931422E0;-1,336799927E2;-5,879999638E0;-8,375999451E1;1,5.79E+10
5,974018452E0;-1,335000000E2;-5,159999847E0;-8,358000183E1;1,5.76E+10
5,981952896E0;-1,339799957E2;-5,460000038E0;-8,322000122E1;1,5.78E+10
5,989948374E0;-1,340999908E2;-5,639999866E0;-8,333999634E1;1,5.80E+10
5,997974369E0;-1,339199982E2;-6,239999771E0;-8,345999908E1;1,5.79E+10
6,005969848E0;-1,339199982E2;-6,659999847E0;-8,345999908E1;1,5.79E+10
6,014026360E0;-1,334400024E2;-6,659999847E0;-8,405999756E1;1,5.79E+10
6,021991321E0;-1,338000031E2;-6,779999733E0;-8,405999756E1;1,5.82E+10
6,029986800E0;-1,342799988E2;-6,659999847E0;-8,358000183E1;1,5.83E+10
6,038012795E0;-1,343999939E2;-6,480000019E0;-8,375999451E1;1,5.85E+10
6,046008273E0;-1,345200043E2;-6,299999714E0;-8,333999634E1;1,5.84E+10
6,054064786E0;-1,343399963E2;-6,239999771E0;-8,340000153E1;1,5.82E+10
6,061999230E0;-1,345200043E2;-6,119999886E0;-8,340000153E1;1,5.84E+10
6,070025225E0;-1,342799988E2;-6,059999943E0;-8,333999634E1;1,5.82E+10
6,078020704E0;-1,343399963E2;-5,940000057E0;-8,363999939E1;1,5.84E+10
6,086046700E0;-1,341600037E2;-5,639999866E0;-8,351999664E1;1,5.81E+10
6,094103211E0;-1,336799927E2;-5,339999676E0;-8,381999969E1;1,5.79E+10
6,102037656E0;-1,336199951E2;-5,339999676E0;-8,381999969E1;1,5.78E+10
6,110033134E0;-1,335599976E2;-5,339999676E0;-8,345999908E1;1,5.76E+10
6,118059129E0;-1,333199921E2;-5,339999676E0;-8,369999695E1;1,5.75E+10
6,126054608E0;-1,335599976E2;-5,639999866E0;-8,375999451E1;1,5.78E+10
6,134111120E0;-1,338000031E2;-5,639999866E0;-8,387999725E1;1,5.80E+10
6,142076082E0;-1,342799988E2;-5,639999866E0;-8,375999451E1;1,5.84E+10
6,150071560E0;-1,345800018E2;-5,699999809E0;-8,358000183E1;1,5.85E+10
6,158067038E0;-1,348199921E2;-5,519999981E0;-8,340000153E1;1,5.86E+10
6,166062517E0;-1,348799896E2;-5,579999924E0;-8,333999634E1;1,5.86E+10
6,174149546E0;-1,346999969E2;-5,519999981E0;-8,358000183E1;1,5.86E+10
6,182083990E0;-1,347599945E2;-5,279999733E0;-8,340000153E1;1,5.86E+10
6,190079469E0;-1,342799988E2;-5,279999733E0;-8,375999451E1;1,5.84E+10
6,198105464E0;-1,340999908E2;-5,159999847E0;-8,400000000E1;1,5.83E+10
6,206100942E0;-1,338000031E2;-5,279999733E0;-8,387999725E1;1,5.80E+10
6,214157455E0;-1,338000031E2;-5,759999752E0;-8,358000183E1;1,5.79E+10
6,222122417E0;-1,338000031E2;-6,000000000E0;-8,369999695E1;1,5.79E+10
6,230117894E0;-1,341600037E2;-6,179999828E0;-8,333999634E1;1,5.81E+10
6,238143890E0;-1,340999908E2;-6,239999771E0;-8,309999847E1;1,5.79E+10
6,246139369E0;-1,339199982E2;-5,819999695E0;-8,375999451E1;1,5.81E+10
6,254195880E0;-1,343399963E2;-5,519999981E0;-8,333999634E1;1,5.82E+10
6,262130325E0;-1,340999908E2;-5,339999676E0;-8,315999603E1;1,5.79E+10
6,270156321E0;-1,340999908E2;-5,339999676E0;-8,351999664E1;1,5.81E+10
6,278151799E0;-1,340399933E2;-5,519999981E0;-8,297999573E1;1,5.77E+10
6,286147277E0;-1,336199951E2;-5,460000038E0;-8,268000031E1;1,5.72E+10
6,294234307E0;-1,336799927E2;-5,519999981E0;-8,304000092E1;1,5.75E+10
6,302168751E0;-1,342799988E2;-5,699999809E0;-8,291999817E1;1,5.79E+10
6,310164229E0;-1,343399963E2;-5,819999695E0;-8,363999939E1;1,5.84E+10
6,318190225E0;-1,346399994E2;-6,119999886E0;-8,393999481E1;1,5.88E+10
6,326185703E0;-1,345200043E2;-6,239999771E0;-8,387999725E1;1,5.87E+10
6,334242215E0;-1,338000031E2;-5,940000057E0;-8,363999939E1;1,5.79E+10
6,342207177E0;-1,343399963E2;-5,879999638E0;-8,327999878E1;1,5.82E+10
6,350202655E0;-1,345800018E2;-6,059999943E0;-8,333999634E1;1,5.84E+10
6,358198134E0;-1,342799988E2;-6,000000000E0;-8,333999634E1;1,5.82E+10
6,366224129E0;-1,344599915E2;-6,359999657E0;-8,351999664E1;1,5.84E+10
6,374280641E0;-1,341600037E2;-6,599999905E0;-8,351999664E1;1,5.82E+10
6,382215086E0;-1,340999908E2;-6,420000076E0;-8,381999969E1;1,5.83E+10
6,390241081E0;-1,343999939E2;-6,119999886E0;-8,333999634E1;1,5.83E+10
6,398236559E0;-1,344599915E2;-5,819999695E0;-8,375999451E1;1,5.85E+10
6,406232037E0;-1,343399963E2;-5,339999676E0;-8,333999634E1;1,5.82E+10
6,414288549E0;-1,339199982E2;-5,159999847E0;-8,309999847E1;1,5.77E+10
6,422253511E0;-1,336799927E2;-5,279999733E0;-8,351999664E1;1,5.77E+10
6,430248989E0;-1,338000031E2;-5,639999866E0;-8,322000122E1;1,5.77E+10
6,438244468E0;-1,337399902E2;-5,639999866E0;-8,405999756E1;1,5.81E+10
6,446270463E0;-1,338000031E2;-5,759999752E0;-8,363999939E1;1,5.79E+10
6,454326976E0;-1,341600037E2;-6,000000000E0;-8,333999634E1;1,5.81E+10
6,462261420E0;-1,342200012E2;-6,000000000E0;-8,358000183E1;1,5.82E+10
6,470256897E0;-1,345200043E2;-6,299999714E0;-8,286000061E1;1,5.81E+10
6,478282893E0;-1,345800018E2;-6,359999657E0;-8,291999817E1;1,5.82E+10
6,486278372E0;-1,348799896E2;-6,539999962E0;-8,304000092E1;1,5.85E+10
6,494334885E0;-1,348799896E2;-6,539999962E0;-8,291999817E1;1,5.85E+10
6,502299845E0;-1,349400024E2;-6,299999714E0;-8,333999634E1;1,5.87E+10
6,510295324E0;-1,354199982E2;-6,239999771E0;-8,387999725E1;1,5.94E+10
6,518290802E0;-1,353000031E2;-5,519999981E0;-8,333999634E1;1,5.90E+10
6,526316797E0;-1,351799927E2;-5,400000095E0;-8,327999878E1;1,5.89E+10
6,534373310E0;-1,350599976E2;-5,460000038E0;-8,327999878E1;1,5.88E+10
6,542307754E0;-1,346399994E2;-5,339999676E0;-8,297999573E1;1,5.82E+10
6,550303232E0;-1,343399963E2;-6,179999828E0;-8,351999664E1;1,5.83E+10
6,558329228E0;-1,340999908E2;-5,759999752E0;-8,405999756E1;1,5.84E+10
6,566324706E0;-1,344599915E2;-6,000000000E0;-8,351999664E1;1,5.84E+10
6,574411736E0;-1,346999969E2;-6,239999771E0;-8,333999634E1;1,5.85E+10
6,582346180E0;-1,343399963E2;-5,460000038E0;-8,333999634E1;1,5.82E+10
6,590341658E0;-1,349400024E2;-5,940000057E0;-8,304000092E1;1,5.86E+10
6,598337137E0;-1,340999908E2;-5,579999924E0;-8,304000092E1;1,5.78E+10
6,606363132E0;-1,337399902E2;-5,400000095E0;-8,322000122E1;1,5.76E+10
6,614419644E0;-1,340999908E2;-5,699999809E0;-8,322000122E1;1,5.79E+10
6,622354089E0;-1,338000031E2;-5,219999790E0;-8,286000061E1;1,5.75E+10
6,630380084E0;-1,340399933E2;-5,519999981E0;-8,333999634E1;1,5.79E+10
6,638375562E0;-1,347599945E2;-5,759999752E0;-8,304000092E1;1,5.84E+10
6,646371041E0;-1,350000000E2;-5,579999924E0;-8,333999634E1;1,5.88E+10
6,654458070E0;-1,350000000E2;-5,759999752E0;-8,322000122E1;1,5.87E+10
6,662392514E0;-1,350000000E2;-5,519999981E0;-8,304000092E1;1,5.86E+10
6,670387993E0;-1,342200012E2;-5,039999962E0;-8,351999664E1;1,5.82E+10
6,678383471E0;-1,336799927E2;-5,099999905E0;-8,286000061E1;1,5.74E+10
6,686409466E0;-1,336799927E2;-4,980000019E0;-8,327999878E1;1,5.76E+10
6,694465979E0;-1,339199982E2;-5,039999962E0;-8,286000061E1;1,5.76E+10
6,702400423E0;-1,344599915E2;-5,759999752E0;-8,225999451E1;1,5.77E+10
6,710426418E0;-1,348199921E2;-6,059999943E0;-8,286000061E1;1,5.84E+10
6,718421897E0;-1,346399994E2;-6,119999886E0;-8,261999512E1;1,5.81E+10
6,726417375E0;-1,346399994E2;-6,059999943E0;-8,315999603E1;1,5.84E+10
6,734504404E0;-1,345800018E2;-5,579999924E0;-8,340000153E1;1,5.84E+10
6,742438849E0;-1,346399994E2;-5,460000038E0;-8,279999542E1;1,5.82E+10
6,750434327E0;-1,347599945E2;-5,460000038E0;-8,333999634E1;1,5.85E+10
6,758460322E0;-1,347599945E2;-5,699999809E0;-8,297999573E1;1,5.84E+10
6,766455801E0;-1,345200043E2;-6,179999828E0;-8,333999634E1;1,5.84E+10
6,774512313E0;-1,343999939E2;-5,940000057E0;-8,387999725E1;1,5.85E+10
6,782477274E0;-1,345800018E2;-6,119999886E0;-8,351999664E1;1,5.85E+10
6,790472753E0;-1,348199921E2;-5,819999695E0;-8,369999695E1;1,5.88E+10
6,798468231E0;-1,346399994E2;-5,699999809E0;-8,333999634E1;1,5.84E+10
6,806494226E0;-1,350000000E2;-6,119999886E0;-8,304000092E1;1,5.86E+10
6,814550739E0;-1,351199951E2;-5,759999752E0;-8,315999603E1;1,5.88E+10
6,822485183E0;-1,347599945E2;-5,819999695E0;-8,322000122E1;1,5.85E+10
6,830511178E0;-1,353000031E2;-5,519999981E0;-8,333999634E1;1,5.90E+10
6,838506657E0;-1,351199951E2;-5,339999676E0;-8,375999451E1;1,5.91E+10
6,846502135E0;-1,352399902E2;-5,339999676E0;-8,358000183E1;1,5.91E+10
6,854589164E0;-1,351199951E2;-5,460000038E0;-8,363999939E1;1,5.90E+10
6,862523609E0;-1,345200043E2;-5,940000057E0;-8,387999725E1;1,5.86E+10
6,870519087E0;-1,340999908E2;-5,879999638E0;-8,345999908E1;1,5.81E+10
6,878545082E0;-1,336199951E2;-5,819999695E0;-8,345999908E1;1,5.77E+10
6,886540561E0;-1,337399902E2;-5,819999695E0;-8,333999634E1;1,5.77E+10
6,894627591E0;-1,338600006E2;-5,879999638E0;-8,333999634E1;1,5.78E+10
6,902562034E0;-1,339199982E2;-5,940000057E0;-8,358000183E1;1,5.80E+10
6,910557513E0;-1,340399933E2;-6,119999886E0;-8,351999664E1;1,5.80E+10
6,918583509E0;-1,341600037E2;-6,299999714E0;-8,363999939E1;1,5.82E+10
6,926578986E0;-1,339199982E2;-5,819999695E0;-8,327999878E1;1,5.78E+10
6,934635499E0;-1,342200012E2;-5,819999695E0;-8,333999634E1;1,5.81E+10
6,942600461E0;-1,343399963E2;-5,819999695E0;-8,423999786E1;1,5.87E+10
6,950595939E0;-1,343999939E2;-5,400000095E0;-8,447999573E1;1,5.88E+10
6,958621934E0;-1,345200043E2;-5,219999790E0;-8,436000061E1;1,5.89E+10
6,966617413E0;-1,347599945E2;-5,400000095E0;-8,393999481E1;1,5.89E+10
6,974673925E0;-1,345800018E2;-5,339999676E0;-8,297999573E1;1,5.82E+10
6,982608369E0;-1,345200043E2;-5,759999752E0;-8,297999573E1;1,5.82E+10
6,990634365E0;-1,344599915E2;-5,879999638E0;-8,322000122E1;1,5.82E+10
6,998629843E0;-1,343999939E2;-5,699999809E0;-8,315999603E1;1,5.82E+10
7,006625321E0;-1,340399933E2;-5,699999809E0;-8,345999908E1;1,5.80E+10
7,014712351E0;-1,342200012E2;-5,519999981E0;-8,322000122E1;1,5.80E+10
7,022646795E0;-1,343999939E2;-5,759999752E0;-8,322000122E1;1,5.82E+10
7,030642274E0;-1,341600037E2;-5,639999866E0;-8,327999878E1;1,5.80E+10
7,038668269E0;-1,340999908E2;-5,460000038E0;-8,358000183E1;1,5.81E+10
7,046663747E0;-1,338000031E2;-5,339999676E0;-8,351999664E1;1,5.78E+10
7,054750776E0;-1,339199982E2;-5,579999924E0;-8,351999664E1;1,5.79E+10
7,062685221E0;-1,338600006E2;-5,519999981E0;-8,363999939E1;1,5.79E+10
7,070680699E0;-1,340999908E2;-5,460000038E0;-8,333999634E1;1,5.80E+10
7,078676177E0;-1,341600037E2;-5,400000095E0;-8,291999817E1;1,5.78E+10
7,086702173E0;-1,342200012E2;-5,219999790E0;-8,291999817E1;1,5.79E+10
7,094758685E0;-1,340399933E2;-5,159999847E0;-8,309999847E1;1,5.78E+10
7,102723646E0;-1,343399963E2;-5,519999981E0;-8,333999634E1;1,5.82E+10
7,110719125E0;-1,342799988E2;-5,879999638E0;-8,381999969E1;1,5.84E+10
7,118714603E0;-1,338000031E2;-5,819999695E0;-8,387999725E1;1,5.80E+10
7,126740598E0;-1,336199951E2;-5,940000057E0;-8,375999451E1;1,5.78E+10
7,134797111E0;-1,336199951E2;-5,879999638E0;-8,327999878E1;1,5.76E+10
7,142762072E0;-1,338600006E2;-5,639999866E0;-8,358000183E1;1,5.79E+10
7,150757550E0;-1,342799988E2;-5,579999924E0;-8,351999664E1;1,5.82E+10
7,158783546E0;-1,342799988E2;-5,579999924E0;-8,327999878E1;1,5.81E+10
7,166779025E0;-1,339799957E2;-5,339999676E0;-8,345999908E1;1,5.79E+10
7,174835536E0;-1,340999908E2;-5,519999981E0;-8,315999603E1;1,5.79E+10
7,182800498E0;-1,342200012E2;-5,699999809E0;-8,297999573E1;1,5.79E+10
7,190795977E0;-1,342799988E2;-6,179999828E0;-8,291999817E1;1,5.79E+10
7,198791454E0;-1,348799896E2;-6,299999714E0;-8,291999817E1;1,5.85E+10
7,206817450E0;-1,346399994E2;-6,179999828E0;-8,309999847E1;1,5.83E+10
7,214873963E0;-1,345200043E2;-6,359999657E0;-8,291999817E1;1,5.82E+10
7,222808406E0;-1,347599945E2;-5,639999866E0;-8,315999603E1;1,5.85E+10
7,230834402E0;-1,344599915E2;-5,759999752E0;-8,322000122E1;1,5.82E+10
7,238829880E0;-1,345200043E2;-5,639999866E0;-8,322000122E1;1,5.83E+10
7,246825359E0;-1,345200043E2;-5,339999676E0;-8,363999939E1;1,5.85E+10
7,254912388E0;-1,342799988E2;-5,219999790E0;-8,345999908E1;1,5.82E+10
7,262846832E0;-1,344599915E2;-5,219999790E0;-8,351999664E1;1,5.84E+10
7,270842311E0;-1,343399963E2;-5,339999676E0;-8,358000183E1;1,5.83E+10
7,278868306E0;-1,340999908E2;-5,519999981E0;-8,322000122E1;1,5.79E+10
7,286863784E0;-1,343399963E2;-6,179999828E0;-8,345999908E1;1,5.83E+10
7,294920297E0;-1,340399933E2;-6,299999714E0;-8,304000092E1;1,5.78E+10
7,302885258E0;-1,340399933E2;-6,119999886E0;-8,273999786E1;1,5.76E+10
7,310880736E0;-1,342200012E2;-6,000000000E0;-8,309999847E1;1,5.80E+10
7,318876215E0;-1,339199982E2;-5,940000057E0;-8,322000122E1;1,5.78E+10
7,326902210E0;-1,344599915E2;-5,879999638E0;-8,400000000E1;1,5.87E+10
7,334958723E0;-1,345800018E2;-5,940000057E0;-8,400000000E1;1,5.88E+10
7,342893167E0;-1,343399963E2;-6,000000000E0;-8,405999756E1;1,5.86E+10
7,350919162E0;-1,346399994E2;-5,699999809E0;-8,411999512E1;1,5.89E+10
7,358914640E0;-1,345200043E2;-5,579999924E0;-8,340000153E1;1,5.84E+10
7,366910119E0;-1,342799988E2;-5,639999866E0;-8,315999603E1;1,5.80E+10
7,374997148E0;-1,344599915E2;-5,579999924E0;-8,333999634E1;1,5.83E+10
7,382931592E0;-1,340399933E2;-5,519999981E0;-8,286000061E1;1,5.77E+10
7,390927071E0;-1,339199982E2;-5,699999809E0;-8,315999603E1;1,5.77E+10
7,398953066E0;-1,340399933E2;-5,699999809E0;-8,309999847E1;1,5.78E+10
7,406948544E0;-1,343399963E2;-5,819999695E0;-8,286000061E1;1,5.79E+10
7,415005057E0;-1,347599945E2;-6,059999943E0;-8,309999847E1;1,5.84E+10
7,422970018E0;-1,344599915E2;-6,179999828E0;-8,315999603E1;1,5.82E+10
7,430965496E0;-1,345200043E2;-6,239999771E0;-8,387999725E1;1,5.87E+10
7,438960975E0;-1,346399994E2;-6,420000076E0;-8,405999756E1;1,5.89E+10
7,446956453E0;-1,346399994E2;-6,119999886E0;-8,429999542E1;1,5.90E+10
7,455043482E0;-1,348199921E2;-6,119999886E0;-8,411999512E1;1,5.90E+10
7,462977927E0;-1,347599945E2;-5,759999752E0;-8,351999664E1;1,5.86E+10
7,470973405E0;-1,340999908E2;-5,519999981E0;-8,345999908E1;1,5.80E+10
7,478999400E0;-1,340999908E2;-5,579999924E0;-8,322000122E1;1,5.79E+10
7,486994879E0;-1,344599915E2;-5,579999924E0;-8,358000183E1;1,5.84E+10
7,495051391E0;-1,346399994E2;-6,000000000E0;-8,393999481E1;1,5.88E+10
7,503016352E0;-1,349400024E2;-5,699999809E0;-8,351999664E1;1,5.88E+10
7,511011831E0;-1,352399902E2;-5,940000057E0;-8,327999878E1;1,5.89E+10
7,519007309E0;-1,349400024E2;-5,579999924E0;-8,291999817E1;1,5.85E+10
7,527002788E0;-1,345800018E2;-5,879999638E0;-8,261999512E1;1,5.80E+10
7,535089817E0;-1,346999969E2;-6,299999714E0;-8,297999573E1;1,5.83E+10
7,543024261E0;-1,344599915E2;-6,539999962E0;-8,297999573E1;1,5.81E+10
7,551019740E0;-1,346399994E2;-7,019999981E0;-8,315999603E1;1,5.84E+10
7,559015218E0;-1,346999969E2;-6,779999733E0;-8,304000092E1;1,5.84E+10
7,567041213E0;-1,345200043E2;-6,299999714E0;-8,291999817E1;1,5.81E+10
7,575097726E0;-1,350599976E2;-6,420000076E0;-8,315999603E1;1,5.87E+10
7,583032170E0;-1,351199951E2;-6,299999714E0;-8,309999847E1;1,5.88E+10
7,591027649E0;-1,353600006E2;-6,659999847E0;-8,309999847E1;1,5.90E+10
7,599053644E0;-1,353000031E2;-7,019999981E0;-8,322000122E1;1,5.90E+10
7,607049122E0;-1,351799927E2;-7,019999981E0;-8,351999664E1;1,5.91E+10
7,615105635E0;-1,352399902E2;-6,779999733E0;-8,327999878E1;1,5.90E+10
7,623040078E0;-1,351799927E2;-6,000000000E0;-8,363999939E1;1,5.91E+10
7,631066074E0;-1,350599976E2;-5,819999695E0;-8,363999939E1;1,5.90E+10
7,639061553E0;-1,344599915E2;-5,579999924E0;-8,340000153E1;1,5.83E+10
7,647057031E0;-1,339799957E2;-5,460000038E0;-8,381999969E1;1,5.81E+10
7,655113543E0;-1,339199982E2;-5,579999924E0;-8,369999695E1;1,5.80E+10
7,663078505E0;-1,340399933E2;-5,400000095E0;-8,351999664E1;1,5.80E+10
7,671073983E0;-1,339199982E2;-5,219999790E0;-8,345999908E1;1,5.79E+10
7,679069461E0;-1,340999908E2;-5,279999733E0;-8,309999847E1;1,5.78E+10
7,687095457E0;-1,342799988E2;-5,400000095E0;-8,315999603E1;1,5.80E+10
7,695151969E0;-1,341600037E2;-5,460000038E0;-8,297999573E1;1,5.78E+10
7,703086413E0;-1,342200012E2;-5,519999981E0;-8,309999847E1;1,5.80E+10
7,711081891E0;-1,338000031E2;-5,759999752E0;-8,358000183E1;1,5.79E+10
7,719107887E0;-1,338000031E2;-5,759999752E0;-8,351999664E1;1,5.78E+10
7,727103365E0;-1,337399902E2;-5,699999809E0;-8,358000183E1;1,5.78E+10
7,735190395E0;-1,339799957E2;-5,639999866E0;-8,351999664E1;1,5.80E+10
7,743124839E0;-1,342200012E2;-5,400000095E0;-8,345999908E1;1,5.81E+10
7,751120317E0;-1,342200012E2;-5,579999924E0;-8,345999908E1;1,5.82E+10
7,759115795E0;-1,343399963E2;-6,000000000E0;-8,358000183E1;1,5.83E+10
7,767141791E0;-1,339799957E2;-6,179999828E0;-8,375999451E1;1,5.81E+10
7,775198304E0;-1,342200012E2;-6,239999771E0;-8,351999664E1;1,5.82E+10
7,783163264E0;-1,339799957E2;-5,759999752E0;-8,333999634E1;1,5.79E+10
7,791158743E0;-1,337399902E2;-5,460000038E0;-8,340000153E1;1,5.77E+10
7,799154221E0;-1,339799957E2;-5,400000095E0;-8,327999878E1;1,5.78E+10
7,807180216E0;-1,339799957E2;-5,639999866E0;-8,333999634E1;1,5.79E+10
7,815236729E0;-1,345200043E2;-5,940000057E0;-8,369999695E1;1,5.85E+10
7,823171173E0;-1,348799896E2;-5,940000057E0;-8,358000183E1;1,5.88E+10
7,831197168E0;-1,348799896E2;-6,239999771E0;-8,400000000E1;1,5.90E+10
7,839192647E0;-1,346999969E2;-6,000000000E0;-8,375999451E1;1,5.87E+10
7,847188125E0;-1,340999908E2;-6,119999886E0;-8,369999695E1;1,5.82E+10
7,855275155E0;-1,341600037E2;-6,359999657E0;-8,381999969E1;1,5.83E+10
7,863209599E0;-1,342200012E2;-5,819999695E0;-8,345999908E1;1,5.82E+10
7,871205077E0;-1,343999939E2;-5,940000057E0;-8,327999878E1;1,5.82E+10
7,879231072E0;-1,346999969E2;-6,179999828E0;-8,304000092E1;1,5.84E+10
7,887226551E0;-1,342200012E2;-5,940000057E0;-8,297999573E1;1,5.79E+10
7,895313580E0;-1,345200043E2;-6,480000019E0;-8,304000092E1;1,5.82E+10
7,903248024E0;-1,343999939E2;-6,000000000E0;-8,327999878E1;1,5.82E+10
7,911243503E0;-1,342200012E2;-5,639999866E0;-8,333999634E1;1,5.81E+10
7,919238981E0;-1,345800018E2;-5,699999809E0;-8,333999634E1;1,5.84E+10
7,927264976E0;-1,343399963E2;-5,159999847E0;-8,333999634E1;1,5.82E+10
7,935321489E0;-1,343999939E2;-5,579999924E0;-8,375999451E1;1,5.85E+10
7,943255933E0;-1,346999969E2;-5,819999695E0;-8,400000000E1;1,5.89E+10
7,951281928E0;-1,350000000E2;-5,819999695E0;-8,345999908E1;1,5.88E+10
7,959277407E0;-1,353000031E2;-6,299999714E0;-8,309999847E1;1,5.89E+10
7,967272885E0;-1,354199982E2;-6,359999657E0;-8,225999451E1;1,5.86E+10
7,975329398E0;-1,349400024E2;-6,059999943E0;-8,201999664E1;1,5.80E+10
7,983294359E0;-1,348199921E2;-5,819999695E0;-8,243999481E1;1,5.81E+10
7,991289837E0;-1,343999939E2;-5,519999981E0;-8,273999786E1;1,5.79E+10
7,999285316E0;-1,343999939E2;-5,460000038E0;-8,369999695E1;1,5.84E+10
8,007311311E0;-1,348199921E2;-5,460000038E0;-8,459999847E1;1,5.93E+10
8,015367823E0;-1,345800018E2;-5,819999695E0;-8,418000031E1;1,5.88E+10
8,023302268E0;-1,343999939E2;-5,879999638E0;-8,436000061E1;1,5.88E+10
8,031297746E0;-1,342200012E2;-5,819999695E0;-8,381999969E1;1,5.83E+10
8,039323741E0;-1,340399933E2;-6,059999943E0;-8,304000092E1;1,5.78E+10
8,047319220E0;-1,342799988E2;-6,179999828E0;-8,369999695E1;1,5.84E+10
8,055375732E0;-1,346999969E2;-6,059999943E0;-8,363999939E1;1,5.87E+10
8,063310177E0;-1,343399963E2;-5,940000057E0;-8,322000122E1;1,5.81E+10
8,071336172E0;-1,343999939E2;-5,759999752E0;-8,363999939E1;1,5.84E+10
8,079331650E0;-1,345200043E2;-5,639999866E0;-8,333999634E1;1,5.83E+10
8,087327129E0;-1,340399933E2;-5,879999638E0;-8,327999878E1;1,5.79E+10
8,095414158E0;-1,339199982E2;-6,119999886E0;-8,375999451E1;1,5.81E+10
8,103348602E0;-1,338000031E2;-6,239999771E0;-8,363999939E1;1,5.79E+10
8,111344081E0;-1,338600006E2;-6,119999886E0;-8,411999512E1;1,5.82E+10
8,119370076E0;-1,342799988E2;-6,179999828E0;-8,387999725E1;1,5.84E+10
8,127365554E0;-1,347599945E2;-6,179999828E0;-8,351999664E1;1,5.87E+10
8,135422067E0;-1,346999969E2;-5,879999638E0;-8,345999908E1;1,5.86E+10
8,143356511E0;-1,349400024E2;-6,119999886E0;-8,243999481E1;1,5.82E+10
8,151382506E0;-1,348199921E2;-5,819999695E0;-8,268000031E1;1,5.83E+10
8,159377985E0;-1,345800018E2;-5,879999638E0;-8,297999573E1;1,5.82E+10
8,167373463E0;-1,347599945E2;-6,299999714E0;-8,286000061E1;1,5.83E+10
8,175460492E0;-1,346399994E2;-6,119999886E0;-8,315999603E1;1,5.84E+10
8,183394937E0;-1,345800018E2;-6,239999771E0;-8,333999634E1;1,5.84E+10
8,191390415E0;-1,346999969E2;-6,179999828E0;-8,363999939E1;1,5.87E+10
8,199385894E0;-1,351799927E2;-6,059999943E0;-8,322000122E1;1,5.89E+10
8,207381372E0;-1,343999939E2;-5,879999638E0;-8,327999878E1;1,5.82E+10
8,215468401E0;-1,343999939E2;-5,460000038E0;-8,279999542E1;1,5.80E+10
8,223402846E0;-1,344599915E2;-5,400000095E0;-8,219999695E1;1,5.77E+10
8,231398324E0;-1,340399933E2;-5,579999924E0;-8,291999817E1;1,5.77E+10
8,239424319E0;-1,346999969E2;-5,639999866E0;-8,327999878E1;1,5.85E+10
8,247419798E0;-1,349400024E2;-6,000000000E0;-8,358000183E1;1,5.88E+10
8,255476310E0;-1,350000000E2;-5,879999638E0;-8,381999969E1;1,5.90E+10
8,263410754E0;-1,347599945E2;-5,519999981E0;-8,358000183E1;1,5.87E+10
8,271436749E0;-1,349400024E2;-5,339999676E0;-8,340000153E1;1,5.87E+10
8,279432228E0;-1,347599945E2;-5,339999676E0;-8,363999939E1;1,5.87E+10
8,287427706E0;-1,348199921E2;-6,119999886E0;-8,411999512E1;1,5.90E+10
8,295514736E0;-1,344599915E2;-5,819999695E0;-8,418000031E1;1,5.87E+10
8,303449180E0;-1,338600006E2;-6,059999943E0;-8,411999512E1;1,5.82E+10
8,311444658E0;-1,333799896E2;-6,119999886E0;-8,393999481E1;1,5.77E+10
8,319440137E0;-1,330800018E2;-5,400000095E0;-8,315999603E1;1,5.70E+10
8,327466132E0;-1,335599976E2;-6,000000000E0;-8,297999573E1;1,5.74E+10
8,335522645E0;-1,339199982E2;-6,179999828E0;-8,231999969E1;1,5.73E+10
8,343457089E0;-1,343999939E2;-6,420000076E0;-8,225999451E1;1,5.77E+10
8,351483084E0;-1,344599915E2;-6,480000019E0;-8,208000183E1;1,5.77E+10
8,359478562E0;-1,342200012E2;-6,420000076E0;-8,219999695E1;1,5.75E+10
8,367474041E0;-1,341600037E2;-5,940000057E0;-8,255999756E1;1,5.76E+10
8,375561070E0;-1,340399933E2;-5,639999866E0;-8,243999481E1;1,5.75E+10
8,383495514E0;-1,344599915E2;-6,059999943E0;-8,304000092E1;1,5.82E+10
8,391490993E0;-1,345200043E2;-6,119999886E0;-8,291999817E1;1,5.81E+10
8,399516988E0;-1,343399963E2;-6,299999714E0;-8,291999817E1;1,5.80E+10
8,407512466E0;-1,347599945E2;-6,659999847E0;-8,297999573E1;1,5.84E+10
8,415568979E0;-1,341600037E2;-6,179999828E0;-8,261999512E1;1,5.77E+10
8,423533940E0;-1,342799988E2;-6,119999886E0;-8,243999481E1;1,5.77E+10
8,431529418E0;-1,346999969E2;-6,239999771E0;-8,315999603E1;1,5.84E+10
8,439524897E0;-1,342200012E2;-6,179999828E0;-8,309999847E1;1,5.80E+10
8,447550892E0;-1,342200012E2;-6,299999714E0;-8,345999908E1;1,5.82E+10
8,455607404E0;-1,342799988E2;-6,179999828E0;-8,381999969E1;1,5.84E+10
8,463541849E0;-1,340999908E2;-5,940000057E0;-8,345999908E1;1,5.81E+10
8,471567844E0;-1,341600037E2;-5,639999866E0;-8,387999725E1;1,5.83E+10
8,479563322E0;-1,343399963E2;-5,339999676E0;-8,375999451E1;1,5.84E+10
8,487558801E0;-1,344599915E2;-5,519999981E0;-8,393999481E1;1,5.86E+10
8,495645830E0;-1,342799988E2;-5,639999866E0;-8,400000000E1;1,5.85E+10
8,503580274E0;-1,338000031E2;-5,519999981E0;-8,387999725E1;1,5.80E+10
8,511575753E0;-1,336199951E2;-6,179999828E0;-8,369999695E1;1,5.78E+10
8,519601748E0;-1,334400024E2;-5,639999866E0;-8,345999908E1;1,5.75E+10
8,527597226E0;-1,331999969E2;-5,759999752E0;-8,363999939E1;1,5.74E+10
8,535653739E0;-1,335000000E2;-5,940000057E0;-8,340000153E1;1,5.75E+10
8,543618700E0;-1,335599976E2;-5,519999981E0;-8,375999451E1;1,5.77E+10
8,551614178E0;-1,336199951E2;-5,519999981E0;-8,393999481E1;1,5.79E+10
8,559609657E0;-1,342200012E2;-5,519999981E0;-8,393999481E1;1,5.84E+10
8,567635652E0;-1,345200043E2;-5,639999866E0;-8,375999451E1;1,5.86E+10
8,575692164E0;-1,343999939E2;-5,400000095E0;-8,375999451E1;1,5.85E+10
8,583626609E0;-1,340999908E2;-5,519999981E0;-8,315999603E1;1,5.79E+10
8,591652604E0;-1,336799927E2;-5,519999981E0;-8,322000122E1;1,5.76E+10
8,599648082E0;-1,334400024E2;-5,339999676E0;-8,327999878E1;1,5.74E+10
8,607643561E0;-1,338000031E2;-5,519999981E0;-8,268000031E1;1,5.74E+10
8,615730591E0;-1,344599915E2;-5,759999752E0;-8,304000092E1;1,5.81E+10
8,623665034E0;-1,350000000E2;-5,819999695E0;-8,286000061E1;1,5.85E+10
8,631660513E0;-1,353000031E2;-5,699999809E0;-8,291999817E1;1,5.88E+10
8,639686509E0;-1,349400024E2;-6,119999886E0;-8,340000153E1;1,5.88E+10
8,647681986E0;-1,348799896E2;-6,299999714E0;-8,333999634E1;1,5.87E+10
8,655769016E0;-1,344599915E2;-6,239999771E0;-8,304000092E1;1,5.82E+10
8,663703461E0;-1,340999908E2;-6,299999714E0;-8,291999817E1;1,5.78E+10
8,671698938E0;-1,344599915E2;-5,819999695E0;-8,297999573E1;1,5.81E+10
8,679694417E0;-1,341600037E2;-5,759999752E0;-8,309999847E1;1,5.79E+10
8,687720413E0;-1,343399963E2;-5,639999866E0;-8,327999878E1;1,5.82E+10
8,695776925E0;-1,343999939E2;-5,639999866E0;-8,405999756E1;1,5.86E+10
8,703711369E0;-1,343399963E2;-5,819999695E0;-8,345999908E1;1,5.83E+10
8,711737365E0;-1,348199921E2;-5,519999981E0;-8,322000122E1;1,5.85E+10
8,719732843E0;-1,345800018E2;-5,460000038E0;-8,345999908E1;1,5.85E+10
8,727728321E0;-1,349400024E2;-5,519999981E0;-8,243999481E1;1,5.82E+10
8,735815351E0;-1,351799927E2;-5,579999924E0;-8,304000092E1;1,5.87E+10
8,743749795E0;-1,346999969E2;-5,639999866E0;-8,340000153E1;1,5.85E+10
8,751745273E0;-1,350000000E2;-5,819999695E0;-8,304000092E1;1,5.86E+10
8,759771269E0;-1,348799896E2;-5,699999809E0;-8,358000183E1;1,5.88E+10
8,767766747E0;-1,345800018E2;-5,579999924E0;-8,345999908E1;1,5.85E+10
8,775823260E0;-1,346999969E2;-5,460000038E0;-8,315999603E1;1,5.84E+10
8,783757703E0;-1,345800018E2;-5,759999752E0;-8,327999878E1;1,5.84E+10
8,791783699E0;-1,344599915E2;-6,000000000E0;-8,291999817E1;1,5.81E+10
8,799779178E0;-1,344599915E2;-6,179999828E0;-8,291999817E1;1,5.81E+10
8,807805173E0;-1,343399963E2;-6,239999771E0;-8,333999634E1;1,5.82E+10
8,815861685E0;-1,340399933E2;-6,119999886E0;-8,387999725E1;1,5.82E+10
8,823796130E0;-1,340399933E2;-5,819999695E0;-8,369999695E1;1,5.81E+10
8,831822125E0;-1,337399902E2;-5,639999866E0;-8,375999451E1;1,5.79E+10
8,839817603E0;-1,338600006E2;-6,000000000E0;-8,345999908E1;1,5.79E+10
8,847813082E0;-1,339199982E2;-5,460000038E0;-8,291999817E1;1,5.76E+10
8,855900111E0;-1,338000031E2;-5,279999733E0;-8,363999939E1;1,5.79E+10
8,863834555E0;-1,340399933E2;-5,339999676E0;-8,375999451E1;1,5.81E+10
8,871830034E0;-1,337399902E2;-4,920000076E0;-8,351999664E1;1,5.78E+10
8,879856029E0;-1,339799957E2;-5,519999981E0;-8,327999878E1;1,5.79E+10
8,887851507E0;-1,342200012E2;-5,699999809E0;-8,309999847E1;1,5.80E+10
8,895908020E0;-1,337399902E2;-5,400000095E0;-8,309999847E1;1,5.75E+10
8,903872981E0;-1,338600006E2;-5,639999866E0;-8,327999878E1;1,5.78E+10
8,911868459E0;-1,334400024E2;-5,159999847E0;-8,327999878E1;1,5.74E+10
8,919863937E0;-1,335599976E2;-5,460000038E0;-8,297999573E1;1,5.73E+10
8,927889933E0;-1,342799988E2;-5,759999752E0;-8,304000092E1;1,5.80E+10
8,935946445E0;-1,341600037E2;-5,879999638E0;-8,327999878E1;1,5.80E+10
8,943880889E0;-1,342799988E2;-5,879999638E0;-8,340000153E1;1,5.82E+10
8,951906885E0;-1,341600037E2;-5,579999924E0;-8,381999969E1;1,5.83E+10
8,959902363E0;-1,343999939E2;-5,759999752E0;-8,375999451E1;1,5.85E+10
8,967897841E0;-1,346999969E2;-5,879999638E0;-8,375999451E1;1,5.87E+10
8,975984871E0;-1,348199921E2;-6,059999943E0;-8,411999512E1;1,5.90E+10
8,983919315E0;-1,347599945E2;-5,699999809E0;-8,375999451E1;1,5.88E+10
8,991914793E0;-1,340999908E2;-5,400000095E0;-8,369999695E1;1,5.82E+10
8,999940788E0;-1,338000031E2;-5,400000095E0;-8,363999939E1;1,5.79E+10
9,007936267E0;-1,338600006E2;-5,460000038E0;-8,351999664E1;1,5.79E+10
9,015992780E0;-1,344599915E2;-5,759999752E0;-8,345999908E1;1,5.84E+10
9,023957740E0;-1,348199921E2;-6,239999771E0;-8,315999603E1;1,5.85E+10
9,031953219E0;-1,351799927E2;-6,119999886E0;-8,333999634E1;1,5.89E+10
9,039948697E0;-1,351199951E2;-5,940000057E0;-8,279999542E1;1,5.86E+10
9,047974693E0;-1,342200012E2;-5,699999809E0;-8,279999542E1;1,5.78E+10
9,056031205E0;-1,340999908E2;-5,339999676E0;-8,286000061E1;1,5.77E+10
9,063965649E0;-1,339799957E2;-5,400000095E0;-8,255999756E1;1,5.75E+10
9,071991645E0;-1,338000031E2;-5,339999676E0;-8,304000092E1;1,5.76E+10
9,079987123E0;-1,342200012E2;-5,759999752E0;-8,279999542E1;1,5.78E+10
9,087982601E0;-1,342200012E2;-5,699999809E0;-8,250000000E1;1,5.77E+10
9,096069632E0;-1,340999908E2;-5,579999924E0;-8,268000031E1;1,5.76E+10
9,104004075E0;-1,341600037E2;-5,579999924E0;-8,304000092E1;1,5.79E+10
9,112030071E0;-1,340999908E2;-5,279999733E0;-8,315999603E1;1,5.79E+10
9,120025549E0;-1,343399963E2;-5,099999905E0;-8,345999908E1;1,5.82E+10
9,128021028E0;-1,344599915E2;-5,159999847E0;-8,327999878E1;1,5.82E+10
9,136108057E0;-1,348799896E2;-5,400000095E0;-8,297999573E1;1,5.85E+10
9,144042501E0;-1,350599976E2;-5,579999924E0;-8,297999573E1;1,5.86E+10
9,152068496E0;-1,351199951E2;-6,179999828E0;-8,309999847E1;1,5.87E+10
9,160063975E0;-1,351799927E2;-6,000000000E0;-8,315999603E1;1,5.88E+10
9,168059453E0;-1,346999969E2;-6,179999828E0;-8,351999664E1;1,5.86E+10
9,176146483E0;-1,343999939E2;-6,179999828E0;-8,363999939E1;1,5.84E+10
9,184080927E0;-1,340999908E2;-5,579999924E0;-8,358000183E1;1,5.81E+10
9,192076405E0;-1,343399963E2;-5,940000057E0;-8,393999481E1;1,5.85E+10
9,200102400E0;-1,343999939E2;-5,579999924E0;-8,315999603E1;1,5.81E+10
9,208097879E0;-1,344599915E2;-5,579999924E0;-8,315999603E1;1,5.82E+10
9,216154392E0;-1,346999969E2;-5,819999695E0;-8,315999603E1;1,5.84E+10
9,224119352E0;-1,343999939E2;-5,279999733E0;-8,279999542E1;1,5.79E+10
9,232114831E0;-1,345800018E2;-5,519999981E0;-8,291999817E1;1,5.82E+10
9,240110309E0;-1,346999969E2;-5,759999752E0;-8,322000122E1;1,5.84E+10
9,248136304E0;-1,344599915E2;-5,460000038E0;-8,309999847E1;1,5.82E+10
9,256192817E0;-1,350000000E2;-6,059999943E0;-8,255999756E1;1,5.84E+10
9,264127261E0;-1,350000000E2;-5,940000057E0;-8,279999542E1;1,5.85E+10
9,272153256E0;-1,349400024E2;-5,699999809E0;-8,273999786E1;1,5.84E+10
9,280148735E0;-1,348799896E2;-5,759999752E0;-8,304000092E1;1,5.85E+10
9,288144213E0;-1,340999908E2;-5,460000038E0;-8,363999939E1;1,5.81E+10
9,296231243E0;-1,343999939E2;-5,519999981E0;-8,363999939E1;1,5.84E+10
9,304165687E0;-1,342799988E2;-5,279999733E0;-8,381999969E1;1,5.84E+10
9,312161165E0;-1,343999939E2;-5,639999866E0;-8,381999969E1;1,5.85E+10
9,320187160E0;-1,343399963E2;-5,699999809E0;-8,333999634E1;1,5.82E+10
9,328182639E0;-1,340999908E2;-5,759999752E0;-8,345999908E1;1,5.81E+10
9,336239151E0;-1,342200012E2;-6,480000019E0;-8,358000183E1;1,5.82E+10
9,344173596E0;-1,340999908E2;-6,359999657E0;-8,363999939E1;1,5.82E+10
9,352199591E0;-1,342200012E2;-6,480000019E0;-8,400000000E1;1,5.85E+10
9,360195069E0;-1,339199982E2;-6,299999714E0;-8,418000031E1;1,5.83E+10
9,368190548E0;-1,341600037E2;-5,879999638E0;-8,411999512E1;1,5.85E+10
9,376277577E0;-1,342200012E2;-5,819999695E0;-8,429999542E1;1,5.86E+10
9,384212021E0;-1,342200012E2;-5,699999809E0;-8,429999542E1;1,5.86E+10
9,392207500E0;-1,345200043E2;-5,940000057E0;-8,436000061E1;1,5.89E+10
9,400233495E0;-1,340999908E2;-6,299999714E0;-8,381999969E1;1,5.83E+10
9,408228973E0;-1,338000031E2;-6,239999771E0;-8,375999451E1;1,5.80E+10
9,416285486E0;-1,342799988E2;-6,059999943E0;-8,363999939E1;1,5.83E+10
9,424250448E0;-1,343399963E2;-6,119999886E0;-8,345999908E1;1,5.83E+10
9,432245925E0;-1,343399963E2;-5,759999752E0;-8,340000153E1;1,5.82E+10
9,440241404E0;-1,345800018E2;-5,699999809E0;-8,322000122E1;1,5.83E+10
9,448267400E0;-1,341600037E2;-5,879999638E0;-8,358000183E1;1,5.82E+10
9,456323911E0;-1,342799988E2;-5,519999981E0;-8,351999664E1;1,5.82E+10
9,464258356E0;-1,345800018E2;-5,759999752E0;-8,387999725E1;1,5.87E+10
9,472253834E0;-1,344599915E2;-6,119999886E0;-8,387999725E1;1,5.86E+10
9,480279829E0;-1,340999908E2;-6,239999771E0;-8,315999603E1;1,5.79E+10
9,488275308E0;-1,336799927E2;-6,899999619E0;-8,351999664E1;1,5.78E+10
9,496331820E0;-1,335599976E2;-6,599999905E0;-8,333999634E1;1,5.76E+10
9,504296782E0;-1,335000000E2;-6,179999828E0;-8,363999939E1;1,5.77E+10
9,512292260E0;-1,335599976E2;-6,000000000E0;-8,387999725E1;1,5.78E+10
9,520287738E0;-1,335000000E2;-5,579999924E0;-8,327999878E1;1,5.74E+10
9,528313734E0;-1,327799988E2;-5,759999752E0;-8,327999878E1;1,5.68E+10
9,536370246E0;-1,327200012E2;-6,059999943E0;-8,309999847E1;1,5.67E+10
9,544304690E0;-1,331999969E2;-6,420000076E0;-8,327999878E1;1,5.72E+10
9,552330686E0;-1,335599976E2;-6,719999790E0;-8,393999481E1;1,5.79E+10
9,560326164E0;-1,339799957E2;-6,299999714E0;-8,387999725E1;1,5.82E+10
9,568321642E0;-1,339199982E2;-6,239999771E0;-8,400000000E1;1,5.82E+10
9,576408672E0;-1,336199951E2;-5,879999638E0;-8,405999756E1;1,5.80E+10
9,584343117E0;-1,332599945E2;-5,519999981E0;-8,387999725E1;1,5.76E+10
9,592338594E0;-1,334400024E2;-5,759999752E0;-8,423999786E1;1,5.79E+10
9,600334073E0;-1,335000000E2;-5,579999924E0;-8,381999969E1;1,5.77E+10
9,608360069E0;-1,334400024E2;-5,699999809E0;-8,400000000E1;1,5.78E+10
9,616416580E0;-1,336199951E2;-5,879999638E0;-8,369999695E1;1,5.78E+10
9,624351025E0;-1,340399933E2;-5,879999638E0;-8,345999908E1;1,5.80E+10
9,632377021E0;-1,342799988E2;-6,179999828E0;-8,369999695E1;1,5.84E+10
9,640372498E0;-1,343399963E2;-5,819999695E0;-8,351999664E1;1,5.83E+10
9,648367976E0;-1,347599945E2;-5,759999752E0;-8,393999481E1;1,5.89E+10
9,656424489E0;-1,342799988E2;-5,699999809E0;-8,393999481E1;1,5.85E+10
9,664389451E0;-1,343999939E2;-5,579999924E0;-8,358000183E1;1,5.84E+10
9,672384928E0;-1,347599945E2;-6,059999943E0;-8,351999664E1;1,5.87E+10
9,680380407E0;-1,342200012E2;-6,179999828E0;-8,327999878E1;1,5.81E+10
9,688375885E0;-1,340999908E2;-6,359999657E0;-8,369999695E1;1,5.82E+10
9,696462915E0;-1,342200012E2;-6,059999943E0;-8,393999481E1;1,5.84E+10
9,704397359E0;-1,339799957E2;-5,819999695E0;-8,400000000E1;1,5.82E+10
9,712392837E0;-1,340399933E2;-5,879999638E0;-8,405999756E1;1,5.83E+10
9,720418832E0;-1,338600006E2;-5,940000057E0;-8,423999786E1;1,5.83E+10
9,728414311E0;-1,330800018E2;-6,179999828E0;-8,441999817E1;1,5.77E+10
9,736470824E0;-1,327200012E2;-6,299999714E0;-8,405999756E1;1,5.72E+10
